2	how many seasons of the bastard executioner are there
4	who won last year's ncaa women's basketball
6	love yourself by justin bieber is about who
8	what is the hot coffee mod in san andreas
9	what is the maximum data rate for the 802.11a standard select one
11	who sang i ran all the way home
12	where did the last name wallace come from
13	who was the actor that played ben stone on law and order
15	who plays gram on the young and the restless
22	how many seasons of vampire diaries r there
23	how many episodes are there in dragon ball z
27	who is the girl in green day 21 guns
35	who wrote cant get you out of my head lyrics
36	where does no game no life anime end
40	what are the ranks in the us navy
42	who is the coach for the ottawa senators
52	who played solomon in little house on the prairie
56	who sang the song good morning good morning
59	who wrote it's a long long way to pasadena
73	who sings the theme song for the tv show cops
76	who sings she's like the wind lyrics
77	when did marathon change its name to snickers
80	who sang let me tell you about the birds and the bees
83	who is the minister of local government in zimbabwe
87	who plays the saint of killers on preacher
90	jonny cash one piece at a time car
93	when did amnesia the dark descent come out
99	who plays noah newman on the young and the restless
103	when does the dlc for rainbow six siege come out
107	when does season 5 of the blacklist resume
109	how much money did it cost to make gta v
114	when does the champions league quarter finals start
122	where does new york drinking water come from
123	where is the citrus bowl held this year
127	who plays dusty in the movie pure country
130	what percentage of sunlight is captured by plants to convert it into food energy
135	when did bird is the word come out
136	how tall is the actor who plays hagrid in harry potter
137	who is opening for little mix glory days tour
139	who voices randy in f is for family
143	when does thomas rhett's new album come out
147	when was the last episode of vampire diaries aired
150	derek and meredith get back together season 3
152	who played zoe hart on hart of dixie
163	where is the boy who played charlie in willy wonka
166	when is season 2 of jessica jones being released
172	who is jared on the bold and the beautiful
173	who wrote knock knock knocking on heavens door
175	who starred in an officer and a gentleman
176	who plays chummy's mother in call the midwife
179	where do they put the tomb vampires in order to burn them during founders day
184	who made the song falling in love with you
189	who played amy grant i i can only imagine
190	who sings the song only in my dreams
192	who wins the next iron chef super chefs
194	who sings the whiskey ain't workin anymore
206	when does the miz and maryse show start
209	who made the most free throws in nba history
212	when did the sims 4 toddlers come out
213	how many episodes of season 5 of curse of oak island
214	how many episodes of touching evil are there
215	hyori bed and breakfast season 2 air date
218	who sings the song let me love you
219	when is the fourth movie of the divergent series coming out
220	the cast of don't tell mom the babysitter's dead
225	who won in the brown vs board of education case
227	when did the word of wisdom become mandatory
229	who wrote and performed i can only imagine
234	who was kat slater's sisters in eastenders
235	what is katie running from in safe haven
238	how old is the actress who plays phyllis on y&r
240	when does sam realize he is jim in ghost whisperer
241	what size engine does a 2005 honda civic have
242	who won college basketball player of the year
244	locations for the film an englishman who went up a hill
247	who did the singing in into the woods
250	who plays timon in lion king on broadway
251	what caused the breakup of the democratic republican party
253	who has won the most college football national champions
257	what was the real name of saudi arabia
261	who played the colorado kid in rio bravo
262	other than water what else has hydrogen bonds
263	where was when we first met netflix filmed
275	batman the enemy with episode 5 release date
276	yeh hai mohabbatein serial star cast real name
278	when did mcgee became a regular on ncis
279	who owns the crown plaza hotel in chicago illinois
281	the legend of heroes trails in the sky the 3rd vita
282	when was a series of unfortunate events published
289	who sang picking up pebbles and throwing them into the sea
290	how many breeds of pigs are there in the uk
292	who sings the song i'll never forget you
294	who sang rip it up and start again
299	what is the order of the netflix marvel shows
302	where is the highest level of fluoride stored in the teeth
303	when was as you like it first performed
304	when was the latest version of chrome released
309	when do new episodes of riverdale season 2 come out
313	when did the eagles play in the superbowl
317	when does madea's family funeral come out
319	when does the new gotham season come out
320	who lasted the longest in the royal rumble
322	what does hp mean in war and order
323	who is the owner of reading football club
325	who is edmund on days of our lives
327	what is an example of a tricyclic antidepressant
329	who played the creature on jeepers creepers 3
330	who plays unis in she's the man
333	what episode does goku give up against cell
338	how many languages in harry potter translated into
340	who are the co hosts on the real
344	who ran the fastest 40 yard dash in the nfl
345	when was the last time new zealand had an earthquake
346	who is the actor that plays dr. sean murphy
347	who played gino in a place to call home
350	what album is sacrifice by elton john on
351	who proved that cells come from other cells
353	who is the designer in devil wears prada
356	what is the ethnic background of the shib sibs
358	how much for a passport in the philippines
360	when did gaurdians of the galaxy 2 come out
363	what season does bart bass die in gossip girl
364	who is the first indian woman to be canonized as a saint
368	how many episodes of corrie has there been
372	where does hydrogen peroxide come from in the body
373	who wrote old flames cant hold a candle to you
374	where was the killing of a sacred deer filmed
377	when did the first ice age come out
379	when is the publishers clearing house sweepstakes drawing
381	when was the last time the ducks won the stanley cup
384	who is the director of taarak mehta ka ooltah chashmah
386	when is the met office leaving the bbc
389	what is the population of st petersburg fl
390	when did the study of media effects begin
391	who plays heather in beauty and the beast
394	who is jack's mother in when calls the heart
397	how many seasons are there for lost girl
403	when does season 6 of the next step start
407	who has the most wins on around the horn
408	what are the main sources of economic growth in the us currently
409	who are the australia's got talent judges
412	when is season 3 of grace and frankie being released
415	why was hong kong important to the british empire
418	criminal minds what episode does jj find out she pregnant
420	who played the twins in darling buds of may
427	product-market fit means being in a good market with a product that can satisfy that market
428	who does bryce dallas howard play in the grinch
429	who plays the robot on the orville show
430	the group that officially elects the president of the united states is called
432	when was the young and the restless first aired
434	who has won 2017 women's singles korean open series badminton championship
437	who does eric end up with in gossip girl
438	when was the first temple built in jerusalem
441	who sings the song it ain't me
442	is it marley and me or marley and i
445	who sings too much time on my hands lyrics
455	who sings every light in the house is on
457	who wrote got this feeling in my body
458	when does like cage season 2 come out
463	this poster was created to increase support for the war effort.the poster links food rationing to
467	when does the last episode of adventure time air
468	who are the cast members of ncis new orleans
479	who plays the dad in pretty in pink
481	when do the new episodes of supernatural start
483	what is upstream project in oil and gas
486	what was the final episode of quantum leap
489	who discovered cells divide to make new cells
492	who does april end up with on parks and rec
493	who played tom in four weddings and a funeral
495	where did huntington's disease get its name
498	who are the leaders of the jehovah witnesses
499	who was originally cast as phoebe on charmed
500	who turned out to be the mother on how i met your mother
508	who sings got my mind set on you
509	when did the song here comes the boom come out
510	who sang the song i think we're alone now
515	what is the name of the last episode of spongebob
517	when does episode 29 of boruto come out
519	who are the judges on do you think you can dance
521	how long was dark side of the moon number 1
523	what is the origin of the name robinson
530	when was the first book made into a movie
533	when is the next scandal episode coming out
537	how many kilometers of great wall of china
541	where does safe haven take place in the book
542	who played jason in friday the 13th the final chapter
545	when does the shape of water book come out
547	who may be affected by monetary penalties imposed by the irs
553	who were the bands in pitch perfect 3
554	when does walking dead season 8 second half start
555	who plays whitey bulger's girlfriend in black mass
556	when will the next episode of flash be aired
557	who plays izabella in transformers the last knight
563	when did fender start making amps in mexico
568	when does dragon ball super episode 130 comes out
573	where in the constitution is the executive branch referenced
575	who plays mr wilson in dennis the menace
577	when did rob dyrdek's fantasy factory end
578	who was the girl in the video brenda got a baby
579	who discovered that plants were made of cells
581	do you have to have a gun permit to shoot at a range
583	when did rachel have her baby on friends
588	who sings angel of the morning in deadpool
594	who played nicky on the drew carey show
596	yo la tengo theres a riot going on release date
597	when did athens emerges as wealthiest greek city state
602	how many episodes are in chicago fire season 4
605	when does isle of dogs come out in us
606	who does marge's voice on the simpsons
607	who is the drummer for guns and roses
614	who plays the mouse in alice in wonderland
616	which songs did liam write as you were
621	cast of law & order special victim unit
623	when did the military plane crash in mississippi
624	who has the most international goals of all time
625	who played bat masterson in the movie tombstone
627	where does the this is us family live
633	when do you get your white coat in pharmacy school
638	who is the founder of the ubuntu project
646	where was the movie strangers prey at night filmed
647	how did the dominican republic get its name
648	who played the mother in the black stallion
649	when is the end of the football season
652	when did jack mccoy join law and order
658	what is the weight of a honda fit
661	guardians of the galaxy blue guy in prison
664	what percentage of the us population lives below the poverty line
665	where can you find dna in the body
666	who played in last train from gun hill
672	who wrote the song would i lie to you
673	when is the last time the philadelphia won the superbowl
674	who is the actor that plays jt on the young and the restless
683	when did beds become popular in france and germany
684	who owns the golden nugget casino in atlantic city
685	where was the tv show friday night lights filmed
691	where did they film woody the woodpecker movie
693	star trek the next generation season 3 episode 24
695	who won the oscar for best actor in 1975
699	who plays rooster's girlfriend on the ranch
700	who sings you are a magnet and i am steel
704	where does the show the path take place
708	when does kc undercover season 3 episode 10 air
710	how long is a whale shark in meters
711	who plays the lion in the movie zookeeper
713	which level of weight bearing often comes with a set number of pounds
714	who became the it company ceo in 2016
717	what is the zebras name in peppa pig
718	when was half life 2 episode 2 released
732	where did they film season 8 of the walking dead
733	who sings the theme song for living single
734	who plays ivo on once upon a time
736	who plays brad pitt's daughter in moneyball
738	the cast of a good day to die hard
739	last world series that didn't go 7 games
740	who sang our god is an awesome god
743	who sang the song a white sports coat and a pink carnation
745	who sings the pokemon theme song season 1
748	who plays reggie the robot in justin's house
759	who sang how long has this been going on song
762	who plays the scary nun in the conjuring 2
767	when did korn's follow the leader come out
771	how many gallons of water in the gulf of mexico
774	when did canada gain independence from great britain
777	five tools of security management to overcome computer crime
778	who plays the principal in santa clarita diet
783	how long are the episodes in stranger things season 1
790	who was the 19th c. artist who was both painter and graphic designer
792	who plays the voice of the hormone monster
794	where do most star formation occur in the milky way today
795	who won the oscar over wolf of wall street
797	where does saying bob's your uncle come from
801	who played tibbs on in the heat of the night
802	who has sold more albums kelly or carrie
803	theme of the song roar by katy perry
805	who plays charles on have and have nots
808	when is the 5th round fa cup played
815	when did the 5 day work week begin
819	who plays peter in what we do in the shadows
820	who plays connor's mom in madeas christmas
821	who died in the plane crash greys anatomy
822	tumhi ho bandhu sakha tumhi cast real name
823	who wrote there's a guy works down the chip shop lyrics
830	when did movies start coming out in color
831	who is the girl in the stone sour video say you'll haunt me
839	how many goals did mikel score for chelsea
840	who played ben stone son on law and order
844	what does g stand for in ncis los angeles
849	who sings will you still love me when i'm not young and beautiful
851	what does aa on a license plate mean
853	who does the voice of little chef in ratatouille
855	in the song i drive your truck who is he talking about
862	who sings why does it hurt when i pee
864	who has won the most olympic medals in curling
866	who sings you can't get what you want
870	who gets the most punishments on impractical jokers
874	who plays nathan's mother on general hospital
877	who sang i want to be bobbys girl
878	where was 2017 beauty and the beast filmed
879	how many episodes of the white princess will there be
881	when does flash come back on season 4 episode 17
885	where was the movie silver linings playbook filmed
888	when did slave to the rhythm come out
899	who plays hulk in the thor and avengers series of movies
906	when did university stop being free in australia
910	when did the song things that make you go hmmm come out
911	who plays the dad in girl meets world
912	who played the dad in a christmas story
913	who plays the dwarf king in the hobbit
914	when do you declare honors in contract bridge
916	when is if loving you is wrong coming back season 4
917	who won season 16 on dancing with the stars
918	what is the account number of airtel payment bank
924	where did the world's largest recorded wave occur
925	where does half life 2 episode 2 take place
926	sequel to a christmas story it runs in the family
928	who played bailey in the sisterhood of the traveling pants
929	when does season 18 of law and order svu start
932	what is the coldest it has ever been in antarctica
934	what kind of metric system does the us use
936	in another world with my smartphone japanese title
946	who does the voice of cruz on cars 3
947	when did hootie and the blowfish come out
951	when is the next step season 3 coming out
954	when did the wall go up in east germany
958	fictional character whose favorite song was blueberry hill
961	what is the average height of a chinese man
962	where does us highway 1 start and end
974	who won oscar for best director this month
976	who sings love will keep us alive by the eagles
983	how many seasons of the glades were made
984	who played the mom in the partridge family
985	who won the academy award for best original musical score
991	who played the oldest brother in 7th heaven
992	how many seasons of from dusk till dawn are there
998	who played young monica in love and basketball
1008	who played dwight's brother on the office
1009	who was toot toot in the green mile
1014	who has won the most united states championships
1018	who does the voice of alistair in dragon age
1019	who were the twins that played for kentucky
1021	who is command sergeant major of the army
1024	when was the first episode of scooby doo
1035	who sang if this world were mine with luther vandross
1038	who sang what are we doing in love
1039	who won the national championship in volleyball 2017
1040	when was zero first used in mathematical operations
1046	when was the last time iran had an earthquake
1049	what is the origin of the name marvin
1057	how many books are in the one piece series
1064	who played the girl in my two dads
1065	when do love and hip hop new york come back on
1067	who played the judge in good will hunting
1068	when does the next episode of izombie air
1072	what is the largest ethnic group in mexico today
1075	where does kfc get their chicken in south africa
1079	who sings he thinks he'll keep her
1080	who sings gone gone gone she been gone so long
1086	where was the war of the planet of the apes filmed
1088	who is emma dating in once upon a time
1089	when does the world cup of hockey start
1092	where is the villa in call me by your name
1093	when does a wrinkle in time come out in canada
1096	who sings gimme shelter with mick jagger
1098	the fellowship of the ring director's cut length
1099	who plays addison shepherd on grey's anatomy
1100	who won the womens 2017 ncaa basketball tournament
1102	distance from one side of a bridge to the other crossword
1107	when does season 8 of hawaii five o premiere
1110	how many ammendments to the constitution have there been
1111	who sang it must have been love but its over now
1113	who did the original spirit in the sky
1115	who plays rachel on jessie punch dumped love
1116	when is season 8 for game of thrones
1123	where is hallmark channel home and family filmed
1127	who sings i can't take my eyes off of you
1128	who plays colin on young and the restless
1131	why did ric flair go back to wcw
1132	who plays manny in diary of a wimpy kid
1135	who has appeared in the most royal rumbles
1140	who plays sven in the santa clarita diet
1141	who is the current cruiserweight champion in wwe
1142	who did corbin dance with on dancing with the stars
1144	who plays harley quinn in the lego batman movie
1145	how many different kinds of pokemon cards are there
1147	batman and robin episode only fools and horses
1148	who won the 30 man royal rumble match
1156	when did the log flume closed at alton towers
1162	when did sierra nevada brewery open in asheville
1169	when does part 5 of jojo take place
1172	where is the love meaning of the song
1175	who played chaka on land of the lost tv show
1181	how many quarterbacks have a receiving touchdown in the superbowl
1183	how many seasons of johnny bravo are there
1185	who plays drew's boyfriend on the night shift
1186	when does kubo and the two strings release
1187	who plays nikko in the wizard of oz
1190	who sang the them song for as told by ginger
1191	when does brooklyn nine nine season 5 episode 12
1194	who played john clark sr on nypd blue
1195	who played peter benton's sister on er
1201	how many inches is the iphone 5s screen
1203	who is the valley of the dolls based on
1204	when did the movie the post begin filming
1205	who is the girl who played in the grinch
1212	when does mexico play in the winter olympics
1214	when does the black panther movie soundtrack come out
1218	when was the last time the vikings made the superbowl
1222	where did the battle of issus take place
1224	when does the new saw 8 come out
1230	when does grey's anatomy come back on in march
1232	where was the remake of dirty dancing filmed
1233	who played the little boy in polar express
1235	when did how you remind me come out
1236	who is new prime minister of italy 2018
1246	who is the captain of richmond football club
1252	how many episodes curse of oak island season 5
1254	who played mr thatcher in when calls the heart
1255	who plays cesar in the show on my block
1258	who played harley in harley davidson and the marlboro man
1261	who plays the short cop on will and grace
1265	who won so you think you can dance season 13
1266	who played lionel in as time goes by
1269	who played ricky in secret life of the american teenager
1270	a good that can be used in place of another good
1271	what is the meaning of the name sinead
1272	who gets first pick of fa cup games
1276	the man in the high castle episode 1 season 1
1280	when does jo come in grey's anatomy
1286	how many medals did austria win in the 2011 alpine skiing world championships
1288	when did the flash first appear on arrow
1296	who sang what i like about you originally
1300	what percentage of global man-made co2 emissions comes from worldwide aviation
1301	when did i'm coming out come out
1302	how long has tom brady been playing professional football
1304	spyder from once upon a time in venice
1305	who dies in season 6 of once upon a time
1306	who won mark and goal of the year 2017
1308	where is the 7th game of the world series played
1309	when does the next season of wynonna earp start
1312	who sang it's a mean old world
1316	who has the most sacks in college football
1321	who sponsored the phoenix open before waste management
1323	how much money did the film titanic make
1327	what does it mean to fuse the spine
1332	who won britain's next top model 2016
1334	where do they film take me out fernando's
1335	who played booster in jingle all the way
1339	when did radio shack change to the source
1343	when is the next episode of flash airing
1345	who did michael showers play on vampire diaries
1348	who won the mvp for the national league
1351	who does tyler end up with in you get me
1353	when was i look at the world poem written
1355	who played g baby in the movie hardball
1357	when was the wheel introduced to north america
1363	who died in the first episode of stranger things
1364	who plays zoey in i love you man
1366	who owns the dower house in the archers
1367	to aru kagaku no railgun s episode 3
1368	1 the bureau of land management manages over acres of land in the united states
1373	when does the new adventure time come out
1376	who played tom on as the world turns
1379	when does the little couples new season start
1381	who played mrs warboys in one foot in the grave
1382	who does tony end up with on skins
1383	what is the population of fayetteville north carolina
1386	who owns the biggest house in beverly hills
1387	when is the flash coming back after christmas
1390	who has the most number one single hits
1392	where did the river thames start and end
1393	where is a simple gear train used in real life
1394	when was how deep is your love released
1399	who does claire from mcleods daughters end up with
1404	when did drop it like it's hot release
1411	who played joey's agent estelle on friends
1413	who won the food network star in 2016
1415	who were the judges on dancing on ice 2014
1416	where did this case of product tampering occur
1419	who plays bianca in that's so raven
1420	when did we find out the smoking man was mulder's father
1423	who is the lead singer of collective soul
1426	what episode does lori die on the walking dead
1429	where does jack ryan live in patriot games
1430	when does season 8 for blue bloods start
1433	who did virginia cavaliers lose to in basketball this year
1434	how many times have the golden state warriors been to the playoffs
1435	who plays emma in air bud world pup
1436	who was the qb for the saints before drew brees
1438	when did the first episode of that 70s show air
1443	who has the best nba record this season
1445	who bowled the last over of the 2007 world twenty20 that india won
1449	how much venom can a king cobra produce
1450	who is the girl in the hinder video lips of an angel
1452	when does season 7 game of thrones dvd release
1453	when did the twenty one pilots hiatus start
1456	who won the fifth season of america's got talent
1459	who starred in the film walk the line
1460	who sang the song brother let me be your shelter
1461	who plays justin on the haves and the have nots
1463	who sings what the world needs now in boss baby
1464	who sings only love can break your heart
1465	who sings ive loved you for a thousand years
1468	who is the longest serving chief minister in india as on jan 2015
1471	how many episodes of ray donovan series 3 are there
1476	when does season 8 of shameless come back
1483	who want to be a millionaire calls his dad
1485	who played shaggy in the new scooby doo movie
1489	who sang oh annie i not your daddy
1492	where was harry potter and the deathly hallows part 1 filmed
1493	how many farmers are there in the usa
1503	when is the new series of keeping faith starting
1504	who wrote trust and believe by keyshia cole
1515	who played david on the assassination of gianni versace
1517	who plays grace in the secret life of the american teenager
1521	when is the new season of chicago pd
1523	who won the most on who wants to be a millionaire
1524	who does the voice of ash in sing
1525	who was tammy from basketball wives married to
1531	who wrote if i were a boy reba or beyonce
1533	who played jennifer in back to the future
1534	where was the italian episode of everybody loves raymond filmed
1535	when was the last bear killed in the uk
1536	who wrote the song stop the world and let me off
1541	what is the purse for the senior open
1542	when did american idol end the first time
1543	who played anna in once upon a time
1546	who produced the movie i can only imagine
1547	what is the meaning of auv in cars
1555	who sings so come and dance with me jai ho
1563	where does the river irk start and finish
1567	who wrote the book my country my life
1571	when does season 3 of the riveras start
1577	when did dragon ball super tournament of power start
1578	who plays bongos on sympathy for the devil
1590	when did refrigerator perry play for the bears
1593	when is the new season of wentworth coming out
1595	who won latest america's next top model
1597	who sang smoke gets in your eyes first
1599	who played nathan scott on one tree hill
1602	who plays dr. sloan on kevin saves the world
1603	when was clash royale released in the us
1610	when does the next warrior book come out
1612	who is hosting e live from the red carpet
1615	when does the team find out prentiss is alive
1618	which two regions grow most of china’s rice
1625	how many states have a cracker barrel restaurant
1627	what is the meaning of gorakh dhanda in urdu
1631	how do you say zest for life in french
1632	who sings the song you'll never find another love like mine
1633	who is dylan's father in bates motel
1636	when does middle-earth shadow of mordor come out
1638	who was in dont worry be happy video
1642	how much of the world's diamonds does de beers own
1644	where is the diaphragm located on the human body
1649	who sings i don't want to be lonely
1661	who was the walker rick killed in the first episode
1663	vapor pressure of water at 100c in torr
1664	when was the last time stock market crashed
1666	who owns the rights to rocky and bullwinkle
1667	what state did they film daddy's home 2
1668	first day collection of mission china assamese film
1670	who won french open 2017 tennis tournament in men's double category
1675	georgia out of angus thongs and perfect snogging
1679	when does star trek discovery air on tv
1680	when did earth's atmosphere change due to living organisms
1685	when did clifford the big red dog first air on tv
1686	when is episode 12 of miraculous ladybug season 2 coming out
1688	who sang the most number of songs in the world
1689	who sings i will go down with this ship
1692	when does the new episode of scorpion come on
1695	wolf of wall street number of f words
1699	who won the marathon in new york city
1700	what is the setting of the story sorry wrong number
1701	does archie end up with betty or veronica in riverdale
1703	when did this season of american idol start
1705	what was the outcome of the battle of san juan hill
1710	when were 2 dollar bills stopped being made
1713	how long do you have to serve in the israeli military
1714	dark parables return of the salt princess release date
1716	what is the most current adobe flash player version
1717	how many players have scored 10000 runs in odi
1718	who plays lindsay denton in line of duty
1719	when did the first wireless beats come out
1722	what is the word for clarified butter in the balkans and middle east
1724	where is fight or flight in the brain
1725	the road that connects the tombs is called
1728	who's the model on let's make a deal
1729	uruguay is located along what body of water
1731	when does the second part of vikings season 4 start
1737	who plays dylan in daddy's home 2
1739	who is nebula on guardians of the galaxy
1742	who is the pastor of new birth missionary baptist church now
1747	ajay devgan preity zinta and madhuri dixit movie
1748	when did virgin australia (formerly virgin blue) commence flying in australia
1750	how many episodes of sabrina the teenage witch are there
1761	winner of worst cooks in america season 5
1762	when does the movie jeepers creepers come out
1764	who's the guy in call me maybe
1768	how old do you have to be to get a gun licence in nz
1769	who is ishani in lies of the heart
1771	who won the king of dance season 2
1772	only player to play for manchester united manchester city liverpool and everton
1780	who plays the dad in drake and josh
1785	who brought the idea of castles to england
1786	when do willow and tara get back together
1789	who won the fountain of youth stakes at gulfstream park
1791	why wasnt agent matthews in miss congeniality 2
1796	who plays kevins shrink on kevin probably saves the world
1801	where does a wrinkle in time take place
1803	when did where are you now come out
1805	what is dj's boyfriends name on full house
1806	when did end of the road come out
1808	who sings i want to be a rockstar
1809	when was the last time new england had a hurricane
1812	who played the nurse on andy griffith show
1815	where does the sciatic nerve run in the foot
1816	who won the workd series of poker 2017
1818	who wrote hit me baby one more time
1821	what's in a beam me up scotty
1825	who played the middle sister on full house
1831	when does the new episodes of supernatural start
1835	who was the first woman to win who wants to be a millionaire
1845	who heads the executive department of west virginia government
1851	who sings that aint no way to go
1852	where did they get the tree for rockefeller center
1853	when does bill nye saves the world season 2 come out
1854	when did the song holiday road come out
1858	fast & furious 8 release date in india
1859	who wrote the song be thankful for what you got
1862	who sang in the movie i walk the line
1863	what kind of food did the woolly mammoth eat
1871	what language is the olympic anthem sang in
1877	who is the original singer of you re going to love me
1890	when is i can only imagine coming out
1891	who is the robot in lost in space 2018
1893	when does the new mlp movie come out
1895	who has the most goals in soccer 2018
1896	when does it's a wonderful life comes on
1900	what is the top speed of thrust ssc
1902	when does scully come back in season 2
1909	when is the season finale of designated survivor
1911	who is the girl that died in eyes wide shut
1913	who was the grandfather on the cosby show
1920	how long is a prime minister term in uk
1923	who sang the theme song from russia with love
1924	where does the song 10 green bottles come from
1925	what kind of national legislature did the constitution created
1932	who won season 2 of real chance of love
1933	who does the voice of nelson on simpsons
1936	who sang the song tell me something good
1939	when does the next star trek episode come out
1943	when will the flash season 4 episode 17 come out
1945	when does star wars battlefront 2 com out
1949	how old was sasuke when his clan died
1958	surface area in many kinds of organs is important because the amount of surface determines
1962	where did the book small steps take place
1966	who is the writer of a walk to remember
1967	when did red dead redemption 1 come out
1972	when does jim propose to pam on the office
1973	who dies in akame ga kill night raid
1975	when does dragon ball super episode 113 start
1980	how many episodes is ash vs evil dead season 3
1981	what is the song in red dead redemption
1983	who is the ceo of what's up
1991	who plays the walking boss in cool hand luke
1992	who was the first lady nominated member of the rajya sabha
1993	who has won the canada open women's doubles
1994	who played charles on when calls the heart
1995	how many wins does tiger woods have on the pga tour
1996	who has the most subscribers in faze clan
1997	where was the movie a walk among the tombstones filmed
2001	who plays red on orange is new black
2004	wal-mart is a prime example of which type organization
2011	list of strict nature reserve in the philippines
2014	who is the book of acts written to
2017	when did billy don't be a hero come out
2019	when did the song push it come out
2023	when does south by southwest start in austin texas
2027	when was nepal declared a secular state in bs
2033	when did gimme gimme gimme start
2036	who plays frankie’s sister teddy on grace and frankie
2039	who lives in the blue house in balamory
2040	when was the first season of when calls the heart
2041	who played lead guitar on 25 or 6 to 4
2043	when does zay come to girl meets world
2045	what mlb teams did deion sanders play for
2052	who plays steve's wife on my three sons
2060	who owns spirit of the suwannee music park
2064	what is the population of the tri-cities washington
2066	i like the way you move video cast
2068	when did season 4 of glee come out
2069	who sings i want to dance with you
2072	when does star trek discovery season 1 end
2074	why did kevin can't wait wife leave the show
2075	how many students attend university of texas at austin
2076	who plays janie in the search for santa paws
2077	who were the first non native settlers in the us
2079	who produced a change is gonna come
2080	who sang theme song for license to kill
2081	legends of tomorrow season 3 finale air date
2085	who wrote i can feel at home in this world anymore
2092	where does the term the west come from
2095	when do dwight and angela start dating again
2096	where's the tv show the crossing filmed
2098	who sings the song i want to go outside in the rain
2100	when does the new season on the 100 come out
2101	who plays the woodsman in over the garden wall
2102	what is the job of justice of the peace
2103	when did hollywood video go out of business
2106	when did the ncaa tournament became more important than the nit
2110	when does season 8 of vampire diaries come out
2113	who negotiated an agreement with japan concerning the future of korea
2114	who does the voice of salem the cat
2116	how many episodes are there in ordeal by innocence
2117	what is the enrollment at university of miami
2120	when did the tv show the waltons first air
2128	what class of ship is the carnival glory
2130	who sang the theme song to that 70s show
2131	season 2 this is us number of episodes
2133	who is the oldest wrestler that is still wrestling
2135	what's the name of the last mission impossible movie
2137	who sang it going to take a miracle
2138	winner of the women's royal rumble match
2141	where was the last scene of the danish girl filmed
2144	who sang the songs on walk the line
2147	actress who plays penelope garcia on criminal minds
2149	when did the soviet union start and end
2151	who sings the theme song for the proud family
2152	who has the most votes for the all star game
2153	when did john hart play the lone ranger
2155	who won big brother head of household canada
2156	who sings the theme song for degrassi the next generation
2158	who played junior on in the heat of the night
2159	the tenure of the office of the lokayukt of up
2163	who does the voice of the elephant in sing
2165	who is the most followed user on instagram 2017
2170	what percentage of the earth's surface is water
2171	who killed missy in a bend in the road
2176	who sang never gonna let you go
2177	when will miraculous season 2 episode 11 be released
2182	who made the song we are the world
2185	who is the actress who plays baker on blue bloods
2186	who was the killer in the movie i know what you did last summer
2188	who played the wicked witch in wicked on broadway
2191	when did the second it movie come out
2193	when did the anti smacking law come in nz
2194	where was the first sonic drive in located
2195	what episode does caroline come into the originals
2196	who does the voice of amy on futurama
2197	who is the original singer of just when i needed you most
2199	where was a hologram for the king filmed
2200	who was the guy who died in glee
2205	time of the state of the nation address
2207	when is season 4 of flash coming out
2208	who plays christian in 50 shades of grey
2214	what was the name of the first continent
2216	who sang the song should have been a cowboy
2223	how many wing stops are there in the united states
2228	what is the latest version of chrome for linux
2231	how many nfl games were played in london
2233	how many seasons of ray donovan has there been
2239	who is the cast of the new tomb raider movie
2243	number of employees in the department of health and human services
2245	who plays chris grandy in 13 going on 30
2246	who has hit a double century in the ranji trophy for jharkhand in 2016
2247	where is the hero golf challenge being played
2252	who sang the end of the world as we know it
2257	who starred in the tv show even stevens
2260	who sang the song one of these nights
2266	when does the good doctor episode 8 air
2268	what state does rick and morty take place in
2269	what is an open university grade 3 pass
2270	who dies in season 2 of the originals
2280	when was the peak to peak gondola built
2282	where did they film the royal tv series
2288	when do new episodes of mindy project air
2291	one piece episode 534 english dubbed release date
2296	what year did the price is right first air
2297	when did under the cork tree come out
2301	panic at the disco la devotee video cast
2302	who played the villain in tiger zinda hai
2304	who wrote it's gonna take a lot of love
2305	who become ceo of wipro company in 2016
2306	who won the 2018 women's royal rumble match
2307	what channel is big 10 network on fios
2309	when does the 2017 college football season end
2316	where does the movie mothers day take place
2317	when did the first immigrants come to hawaii
2319	when does monday night raw come on hulu
2323	who sings the song i feel it still
2335	who plays the little girl in jurassic park
2338	who plays spock in the new star trek movies
2340	who wins america's next top model cycle 20
2341	when was the day that the pubs ran dry in the poem 9-3
2342	who wrote were going on a bear hunt
2343	when was son of a preacher man released
2346	when does the eclipse end in the us
2347	hart of dixie season 4 how many episodes
2350	where will the first round of march madness be played
2353	who sang the song if loving you is wrong i don't want to be right
2359	who was the actor who played grizzly adams
2362	what is the location at the end of minority report
2368	how many countries participated for the first time in the 2014 olympic winter games in sochi
2371	when does the men's worlds curling start
2374	who sang the song how far is heaven
2376	when does sloan come into grey's anatomy
2378	when does buffy tell her friends she was in heaven
2383	who played scotty baldwins father on general hospital
2384	when was the miraculous journey of edward tulane published
2386	what type of snake is kaa in jungle book
2387	when does ellen's new game show start
2388	who was the original host of jokers wild
2392	when does the implantation of the embryo occur
2397	where is the snooker world open currently held
2400	who plays jill bigelow in line of duty
2403	who won the 10m air pistol gold medal at commonwealth shooting championship in brisbane australia
2407	who sings stop listen what's that sound
2412	where was the first season of slasher filmed
2414	who are you in assassin's creed 4
2425	who won the mens curling in the olympics 2018
2426	where does what in the sam hill come from
2434	who become the ceo of it wipro company in 2016
2435	actress who plays brad pitts wife in war machine
2438	where was the movie i am number 4 filmed
2440	when did brent barry won the dunk contest
2442	who sings in everybody dies in their nightmares
2444	where was the rise of the planet of the apes filmed
2446	who wrote the song balls to the wall
2452	who is the actress that plays penny on the big bang theory
2459	who plays stacey's mum in gavin and stacey
2460	who sings love me tender in princess diaries 2
2462	who was the first to say i'm going to disney world
2464	who was the girl that played cindy lou who
2465	who is the winner of bigg boss kannada season
2466	where is the new stadium being built in las vegas
2471	who sang the theme song to step by step
2476	who plays carrie's boss on king of queens
2479	when does agents of shield season five start
2480	where does the thames river begin and end
2482	who was on the first season of dwts
2483	who sings i feel love with the blue man group
2485	who sings i just want to use your love tonight
2487	where are they playing the superbowl at this year
2488	who starred in the movie summer of 42
2489	who plays the voice of johnny in sing
2490	who is the owner of phoenix mall in chennai
2493	how many episodes are in season 7 of pretty little liars
2495	how are leaders of the two parties in congress chosen
2499	who sang the song oh what a lonely boy
2505	who plays young voldemort in the half blood prince
2507	where does some like it hot take place
2508	when did dragon ball z air in australia
2510	how many episodes in my name is earl season 4
2511	where did maria work in west side story
2515	who played mr. kincaid on the partridge family
2517	who sings i wanna rock'n'roll all night
2518	who scored fastest 10000 runs in test cricket
2520	cast of the have and have nots play
2522	what is the salary of us secretary of state
2526	when was to god be the glory written
2534	who played bubba in the heat of the night
2535	who played sarah hedley in when the boat comes in
2540	how many jimmy johns are there in the us
2541	who played the music producer in pitch perfect 2
2544	when will the flash season 4 episode 14 coming out
2548	what was the original purpose of the kremlin
2549	what is the third season of total drama
2553	ray charles hit the road jack album name
2558	where does the bob and tom show broadcast from
2560	who did the whistling in the muppet movie
2563	who wrote you must have been a beautiful baby
2565	which player won the pga championship by the most shots
2572	what is the transfer speed for sata 1
2582	how much energy does coal produce in the us
2584	where does the sun hit the us first
2589	who plays on the tv show the resident
2590	when did are you smarter than a 5th grader first air
2591	who played the detective in little boy blue
2593	when is star vs the forces of evil coming back 2018
2594	who gets to race in the daytona clash
2599	who sang theme song for dukes of hazard
2601	when does the new season of are you the one come on
2609	who was the original host of what's my line
2613	what is best thing i never had song about
2614	who did university of miami play last week
2617	how many episodes are there in modern family
2623	who played young clark kent in 1978 superman
2625	who plays poppy in the beat goes on
2631	who was the baby in ghost busters 2
2632	who sang from russia with love james bond
2635	who sang for lee bowman in my dream is yours
2638	who plays the doc in back to the future
2639	when did come fly with me come out
2645	who was hope brady's mother on days of our lives
2646	how much does a new gulfstream g650 cost
2649	where was the film coming home for christmas filmed
2650	who won the 7 man elimination chamber match
2651	who wins the final fight in real steel
2655	how did leo dalton die in silent witness
2656	who holds the record for most platinum albums
2658	when does panic at the disco album come out
2659	when does the flash season 4 episode 3 air
2661	tad the lost explorer and the secret of king midas english cast
2662	who is the actor that plays saul on grace and frankie
2664	who cooks for the president of the united states
2666	how many cracker barrels in the united states
2668	who won the wwe championship elimination chamber 2018
2672	when does shadowhunters season 2 episode 17 come out
2673	who played kelly taylor's mom on 90210
2685	how many episodes in great british bake off 2017
2688	when is the last time congress passed a complete budget
2690	when is dragon ball super episode 131 releasing
2691	who sang i knew the bride when she used to rock and roll
2692	where did the term liberal arts come from
2693	who wrote when a man loves a woman
2696	tv show theme song would you like to swing on a star
2701	who invented the submarine during the civil war
2708	who will get ticket to finale in rising star 2
2712	who wrote the song always be humble and kind
2717	which episode does gideon die in criminal minds
2727	which was the first village of karnataka which declared independence
2729	who was last person to be executed in us
2731	how many scholarships do division 2 football teams get
2733	who sings in cry baby for johnny depp
2737	how many seasons of the smurfs are there
2739	when did i'm like a bird come out
2740	who sings god is great beer is good
2741	when was night at the museum 3 filmed
2745	what kind of dog is charkie from curious george
2754	when does the champions league round of 16 start
2756	when did a wrinkle in time start filming
2757	who played mr. willoughby in sense and sensibility
2759	when does nathan get in a car accident
2761	who got the first arjun award in athletics
2763	when does season 5 of ruby come out
2765	nitty gritty dirt band fishin in the dark album
2770	who had won the first grammy award for the best new artist
2771	where did the christmas tree at rockefeller center come from
2772	when does the new season of lost in space come out
2783	what does ss stand for on naval ships
2787	when did ga state get a football team
2793	how many points did lebron james scored in his career
2795	cat in the hat knows a lot about space movie
2797	where did the race in grease take place
2799	the witch and the hundred knight 2 us release
2801	when was the last time the denver nuggets made the playoffs
2803	when will the next episode of my next guest needs no introduction
2806	who has played in the most premier league derbies
2809	what is an example of a government monopoly in the united states
2811	who played ethel on the doris day show
2813	where did the peanut butter jelly time song come from
2817	who introduced the first chrismas tree to the uk
2819	what is the inner core of the earth made from
2820	how many episodes is season 4 of the flash
2823	mount and blade with fire and sword time period
2824	nearest metro station to gandhi nagar in delhi
2827	why was the plague that struck athens so devastating
2829	who wrote ain't living long like this
2832	when was the last god of war made
2833	what are the zords in the power rangers movie
2835	where does the last name waller come from
2847	civil war what did the north fight for
2848	when does the next episode of rebels come out
2849	who dies in transformers revenge of the fallen
2851	who gets the golden boot if its a tie
2855	the boiling point of water is 100 degrees celsius express this in si units
2863	method used by a writer to develop a character
2864	when did linkin park release one more light
2869	how many games does a football team have to win to be bowl eligible
2871	when was the first time lebron went to the finals
2875	when does the movie the star come out
2877	first who wants to be a millionaire winner uk
2879	when does wentworth season 6 start in australia
2880	where is the north pole on the world map
2881	who played sam in clarissa explains it all
2882	who did puss in boots grew up with
2888	where was the new pete's dragon filmed
2889	total goals scored by ronaldo in la liga
2890	who's opening for foo fighters at fenway
2891	when did the eagles last play in a superbowl
2898	when did hyderabad became a part of india
2900	when does wonder woman come out on blue ray
2903	when is winter big brother going to start
2906	who played the face in the a team
2909	who is the original singer of fool if you think it's over
2913	who is eliminated in big boss kannada 5
2917	what are some special products made in mississippi
2922	how many episodes in season 3 of good witch
2923	when was theme from a summer place released
2927	what is the population of keystone heights florida
2930	who played emma in h2o just add water
2934	when does i'm a celebrity get me out of here start in the uk
2935	who plays meredith quill in guardians of the galaxy 2
2938	who wrote hallelujah i just love her so
2943	where does sleeping freshmen never lie take place
2945	actor who plays dr avery on grey's anatomy
2946	when does season 13 of america's got talent premiere
2956	who played morticia in the addams family tv show
2960	who sang i'm gonna run away from you
2963	criminal minds episode where jj becomes a profiler
2970	who plays the prosecutor on law and order svu
2972	who plays the mom on the tv show mom
2976	who played doctor smith in lost in space
2978	where was the original flight of the phoenix filmed
2981	where is dancing on ice filmed this year
2983	who sang the theme song for laverne and shirley
2987	what nfl team is robert griffin the third playing for
2994	who sings i'm going to soak up the sun
2995	what does rt mean on a dodge car
2998	who plays the grandmother in game of thrones
2999	what was the main characteristic of post-world war ii american society
3002	who is playing halftime at the pro bowl
3010	who came in last place on amazing race
3013	where was the world chess tournament 2017 held
3014	who was the dj on in living color
3015	who made the first to record with the electric guitar
3016	the grand tour season 2 episode 2 celebrity guests
3017	when does the new season of law and order svu come on
3018	who sing say you won't let go
3020	where was the first high level language operating system created
3022	what was the last episode of the flash
3025	what is the latest version of microsoft office 2010
3031	where does the movie proof of life take place
3036	how many episodes are there in season six of nashville
3045	how many players in football hall of fame
3046	who gave the famous objective co relative theory
3050	where was the film the remains of the day filmed
3051	who eliminated costa rica in world cup 2014
3054	what was the first kind of vertebrate to exist on earth
3055	who wrote shes always a woman to me
3056	who won the first season of america's got talent
3059	when is the last time the us lost the olympics
3061	who is singing in something just like this
3062	why dry ether is used in woods reaction
3064	what was the population of the roman empire at its height
3065	where does the phrase train of thought come from
3068	who were the first kings to issue coins bearing their names
3069	who played michael jackson in jackson 5 movie
3070	who are the stars in dancing with the stars
3071	who hosted they think it's all over
3072	when did red bull come to the united states
3078	star wars the clone wars season 3 episode 1
3080	who has the most podium finishes in australia
3082	who plays faith on when calls the heart
3084	how many seasons of prison break are on netflix
3091	what is the strongest earthquake in the united states
3092	who wrote put your hand in the hand of the man who stilled the water
3093	where is the white castle that harold and kumar go to
3098	when do you get your dress blues in the army
3099	who used to present i'm a celebrity now
3101	what is the longest panic at the disco song title
3102	who played mark on the show the rifleman
3103	where does the last name orozco originate from
3104	when did marley die in a christmas carol
3107	when did i ain't mad at cha come out
3111	who wrote the song i hate you i love you
3112	who sings the theme tune to mum on bbc2
3117	who wrote if she knew what she wants
3126	when does the new death of superman come out
3129	who wrote the theme song to law and order
3131	who plays lois's dad on family guy
3134	what is the salary of the ceo of microsoft
3146	who carried the us flag in the 2014 olympics
3147	when does the next apollo book come out
3148	when was the last time lebron scored 50 points
3149	who created the borders of africa's countries
3151	who won best boy band i heart radio music awards
3164	when do luke and lorelai get back together
3166	who drives the number 95 car in nascar
3167	who sings the wire season 5 theme song
3168	who plays dorian tyrell when he puts on the mask
3169	who has won india's next super star
3173	who plays harry's mom in harry potter
3176	who sings i'll sleep when i'm dead
3178	what episode does caroline get turned into a vampire
3180	who won season 2 of great british baking show
3184	who played cory's older brother on boy meets world
3190	where was one direction what makes you beautiful filmed
3196	who came first second and third on the grand national
3198	who played the princess in kingsman secret service
3200	who sang the theme song for the man with the golden gun
3205	who said i will not go quietly into the night
3207	the very last episode of that's so raven
3209	how many stores does lowes have in canada
3210	who does brant daugherty play in pretty little liars
3211	when did the new day win the tag team titles
3212	who is young george bailey in it's a wonderful life
3214	when will the flash season 4 be released
3215	new movie of ajay devgan and sonakshi sinha
3219	who played mrs. trumbull on i love lucy
3223	who dies at the end of den of thieves
3225	the winner of the best actor award in the 64th national film festival 2017
3226	how many times have real madrid won the european cup.in paris
3227	what is the limit of resolution of the human eye in micrometers
3228	who laid the foundation of school of possibilism
3230	when did television come out in the us
3232	who is the present president of assam sahitya sabha
3239	when did the tradition of self government began in america
3245	who sings war don't let me down
3247	where does the saying get out of dodge come from
3248	when will notre dame played michigan state again
3249	who sang first line of we are the world
3251	who wrote i'm in the mood for dancing
3252	who plays the robot maid in richie rich
3253	how many hospitals are there in the united states
3254	university of michigan school of public health ranking
3258	who is the guy on keeping up with the kardashians
3260	who used the word physiology for the first time
3263	when was the taj mahal built and completed
3271	what awards did the curious case of benjamin button win
3272	who had the longest tenure as moderator on meet the press
3273	who sings it's my party and i cry if i want to
3279	most home runs by 2 teammates in a season
3281	make it or break it who goes to the olympics
3285	where can tight junctions be found in the body
3286	who plays jimmy's mom in 8 mile
3287	who plays the dad in malcom in the middle
3294	who sings song at the end of beauty and the beast
3295	super robot monkey team hyperforce go fighting games
3296	where did they film the show the crossing
3297	who wrote lord have mercy on the working man
3298	in which year was led zepplin refused entry into singapore because the band members had long hair
3302	who won season 5 of hell's kitchen
3303	what episode of pll does jenna get her sight back
3313	when did they stop making jello pudding pops
3318	when was the last episode of the flash aired
3319	who sang last night on saturday night live
3321	who sings oh what a night late december back in 63
3322	puella magi madoka magica when does madoka become a magical girl
3323	who wrote i want to dance with somebody by whitney houston
3325	ahana from dil sambhal ja zara real name
3328	who kidnapped ben in the deep end of the ocean
3330	who sings the theme song to all that
3331	the most recent technological change to the u.s. economy was
3340	when is season 7 race to the edge coming out
3341	who is darrell brother in the walking dead
3346	where was the diary of a wimpy kid filmed
3360	when do mr schuester and emma get together
3364	where is final four being held this year
3377	when does the 14th season of grey's anatomy come out
3378	where does the great outdoors movie take place
3384	where was thomas and the magic railroad filmed
3387	when are general elections held in the us
3392	who does the music for shimmer and shine
3396	who is the minister of youth in namibia
3402	what level is a city and guilds qualification
3405	who is the ceo of crate and barrel
3407	who is the head a in pretty little liars
3408	how many students does monarch high school have
3414	where do characters live in this is us
3416	when will miraculous ladybug season 2 episode 12 come out
3417	who does betty end up with on riverdale
3419	what time do tam tams start in montreal
3422	who wrote the song if i were a boy
3427	when did the not in this lifetime tour start
3434	who was the first black person to register to vote
3435	who plays sheila carter on the bold and the beautiful
3439	who sang it my party and i'll cry if i want to in the 80
3442	who played raquel in only fools and horses
3445	what year did return of the mack come out
3448	days of our lives cast doug and julie
3449	who is known as the super fast boy in the series the icredible
3450	who is stephanie's mom on the bold and the beautiful
3460	one piece english dubbed episode 564 release date
3462	when does elijah first appear in vampire diaries
3467	when does the nba season end this year
3468	malcom in the middle season 1 episode 3
3472	when was the time the eagles won the superbowl
3477	who are the nbc olympic ice skating commentators
3479	when do new episodes of ncis los angeles return
3480	when does elena turn into a vampire in the tv series
3481	who wrote the country song i can only imagine
3483	when does season 2 of just add magic come out
3486	who played the virgin in conan the destroyer
3488	paul walkers cars in fast and furious list
3493	who sings two pints of lager and a packet of crisps
3496	who played susanna in legends of the fall
3498	who was the voice of templeton in charlotte's web
3500	the actual name of the confederate force at gettysburg was
3502	new anime from the creators of attack on titan
3505	where was gunsmoke to the last man filmed
3506	when was the defensive 3 second rule implemented
3519	how long did the democrats control the house and senate
3521	when is beyblade burst super z coming out
3523	who plays the bad guy in the good place
3527	how many episodes in season 2 of fargo
3532	who plays the coach in old spice commercial
3534	where did hope on bold and beautiful go
3537	where is thank you for your service based
3540	who played sonny in lemony snicket's a series of unfortunate events
3542	how does the cash cab guy read the questions
3543	who did the music for your lie in april
3544	what are the value of style guides and style sheet
3545	where are unipolar neurons found in spinal cord
3546	what was the date of the signing of the declaration of independence
3548	when do liam and annie get together season 3
3550	where do they film young and the restless
3552	what episode does marnie come back in geordie shore
3556	who makes the decisions about what to produce in a market economy
3558	who played little ricky on i love lucy show
3559	who sang with eternal on i wanna be the only one
3561	what is a home run with a girl
3563	band who had a hit with heart and soul crossword
3568	who plays dawn on nicky ricky dicky and dawn
3570	who is rose in the fall season 2
3571	who plays the judge in drop dead diva
3572	why is the indian ocean the warmest in the world
3574	who sings blame it on the bossa nova
3575	who do the characters represent in 8 mile
3577	when was the last time.michigan beat ohio state
3579	who does the vocals for feel it still
3582	where does florida natural orange juice come from
3583	when is the new dumping ground coming out 2017
3585	forney's sister in where the heart is
3586	when did the first pair of yeezys come out
3592	what is the third book in the lunar chronicles
3593	who plays the mother of howard on big bang theory
3596	what mall did they use in back to the future
3598	who came up with the initial concept of protons and neutrons
3606	what college does everyone in gossip girl go to
3608	what domain has more individuals than all other domains combined do
