6	What day was the game played on?
108	In what year did Roger Goodell call Super Bowl 50 'an important game for us as a league'?
110	When did he make the quoted remarks about Super Bowl 50?
116	What year did Roger Goodell announce that Super Bowl 50 would be "important"?
125	What three stadiums did the NFL decide between for the game?
134	When were the two finalists for hosting Super Bowl 50 announced?
140	When were the finalists announced?
146	In 2012, how many stadiums were named as finalists for hosting Super Bowl 50 before the final stadium was chosen?
150	What date were the top two stadium choices for Super Bowl 50 announced?
216	How many Pro Bowlers were on the Panthers offense?
223	What are the most passes that Greg Olsen has had?
225	Which Panthers RB scored 6 TDs in the 13 games leading up to Super Bowl 50?
235	How many receptions did Cotchery  get for the 2015 season?
238	How many tackles did Luke Kuechly register?
248	Who was the Panthers' tackle leader for 2015?
286	What Denver player caught the ball 76 times in the 2015 season?
289	How many yards did the Broncos' defense give up?
290	How many sacks did Derek Wolfe register?
302	What two Denver players ranked at 5 percent for sacks?
307	What was the final score of the game between the Panthers and the Seahawks?
317	How many yards did the Panthers get for the division championshipt game?
324	What was the final score of the game between the Broncos and Steelers?
343	What injury did Thomas Davis suffer during the playoff games?
388	What is the name of the turf used in Levi's Stadium for the Super Bowl?
392	Which player did the turf collapse under during a game in the Levi's Stadium?
394	What was used to sod the Levi's Stadium for Super Bowl 50? 
396	What did the NFL do to the playing field at Levi's Stadium before the Super Bowl?
397	What covered the new field at Levi's Stadium?
413	What was the color of the jerseys in Super Bowl XXXII when Elway was quarterback?
449	When did sideline jackets and hats start to feature gold-trimmed logos?
454	What was given to high schools where former students went on to play or coach in a Super Bowl?
457	In what venue did the NFL Experience take place?
471	Who said the homeless in the area would have to leave?
479	Which government entity helped to pay for the festivities, beyond businesses and individuals?
480	Where was a beer, wine and food festival held at prior to the Super Bowl?
481	Who helped find sponsors and donors to help with the cost?
482	Who set aside seed funding for the week-long event leading up to the Super Bowl?
483	What was the cost of the other Super Bowl events in the San Francisco area?
484	Who may have been called upon to fund the festival associated with the Super Bowl in Santa Clara?
496	What new name was given to the media day?
498	What replica was used for player introductions?
504	What is the name of the program that provides contracting work to local companies?
506	What health company was a Super Bowl sponsor?
509	Which committee made an effort to invite companies owned by people, who are transgender or gay, to take part in contract business associated with Super Bowl 50.
510	How much money did the committee raise?
518	What was the name of the fund setup to help with investing in the community? 
521	What is the name of the fund that focuses on youth, community and sustainable environments?
523	What was the name of the work to give grants for youth development and other things?
527	Who designed the "50"?
530	What will the number "50" be plated with? 
531	Who is the designer of the "50?"
536	Who shared sideline duties with Evan Washburn?
547	Who were the announcers of Super Bowl 50?
548	Who were the Super Bowl 50 sideline announcers?
553	Who provided Spanish-language commentary alongside Raul Allegre?
554	On what date did ESPN Deportes announce their deal with CBS and the NFL?
560	Who were the ESPN Deportes commentators for Super Bowl 50?
573	What did CBS provide of the Super Bowl 50 broadcast for its website, some apps and media players?
580	What CBS show followed the Super Bowl?
581	What followed The Late Show with Stephen Colbert?
582	What followed the late local programming after Super Bowl 50?
584	What beverage company signed a contract allowing them to broadcast ads at a discount?
588	Which company was given permission to air TV commercials during Super Bowl 50 at a discounted price?
592	Which company has been able to air multiple ads at a steep discount?
605	How many companies were part of the Quickbooks contest?
608	What Universal trailer debuted during the Super Bowl?
610	Along with 10 Cloverfield Lane, what Paramount trailer appeared during the Super Bowl?
613	Paramount paid fo, 10 Cloverfield Lane and which other film trailer to be aired during the game?
618	What company paid for a Super Bowl 50 ad to show a trailer of X-Men: Apocalypse?
623	Who shared sideline reporting duties with Mark Malone?
624	How many color analysts were involved with Super Bowl 50?
625	Who announced the game play-by-play for Super Bowl 50?
628	Who covered the halftime coverage?
630	Who were the Westwood one color analysts?
631	Who were the Westwood One sideline announcers?
632	What did Jim Gray cover?
634	What radio station is located at 103.5FM on the dial in Denver?
635	Who handled play-by-play for the Denver radio market?
638	Who did play-by-play for the WBT broadcast?
639	Who handled the play-by-play for the Denver radio stations?
640	Who handled the color commentary for Denver's radio stations?
641	Which station covered the game for North Carolina?
642	Who handled the play-by-play for WBT?
643	What two radio stations in Denver carried Super Bowl 50?
644	What radio station in South Carolina carried the Super Bowl 50 game?
647	Who makes up the BBC commentary team with Greg Brady and Rocky Boiman?
649	British commentators include, Darren Fletcher, Rocky Boiman and who else?
662	Which MVP honoree died in 2001?
675	On what date did the NFL announce that Coldplay would headline the halftime show?
689	Who lost 3 yards on a tackle by Shaq Thompson?
693	Who tackled Ronnie Hillman for a loss of yardage?
695	This was the first time that the Carolina team faced what in the post season?
697	Who did Peyton Manning complete an 18 yard pass to on the opening drive?
704	Which player recovered possession of the ball in the end zone?
722	How much time was left in the quarter when Stewart got the touchdown?
735	Who tackled the Carolina Panthers' quarterback just before the end of the first half?
746	Who did Newton complete a 45 yard pass to on the opening drive of the second half?
756	Who caught a 16-yard pass on this drive?
759	Who knocked the ball out of Manning's hands on the next play?
762	What is the last name of the player who bumped the ball away from Manning in the fourth quarter of Super Bowl 50?
769	What player punched the ball in from the 2?
795	How many total tackles did Charles Johnson have in Super Bowl 50?
802	How many first downs did Denver have for Super Bowl 50?
817	What garden was formally only for royalty?
820	How far from Warsaw does the Vistula river's environment change noticeably? 
821	What animals does the Vistula river's ecosystem include?
822	How many natural reserves are in Warsaw?
824	Why are the small lakes in the parks emptied before winter?
845	What is the highest reference hospital in all of Poland?
846	What is one of the largest and most modern oncological institutions in Europe?
847	How many beds does the Maria Sklodowska-Curie Institute of Oncology have?
855	Where was the Summer Theatre located?
856	How long was the Summer Theatre in operation?
861	When is the Wianki festival held?
874	What castle currently houses the Centre for Contemporary Art?
883	Why was Polonia relegated from the country's top flight in 2013?
929	How long was Warsaw the capital of the Polish-Lithuanian Commonwealth?
934	How long was Warsaw occupied by Germany?
935	What did Article 12 of the Allied Armistice terms require Germany to withdraw from?
949	What campaign did the Communist regime initiate after WWII?
951	What were the structures built by the Soviets typical of?
968	What is the edge of the moraine plateau called?
972	Where can Aeolian sand with a number of dunes be found?
977	What building from the 19th century was destroyed between the 1950s and 1960s?
990	Why aren't the examples of bouregois architecture visible today?
1000	Where is a palm house with subtropic plants from all over the world on display?
1002	What park is close to John Lennon street?
1006	What is the Bielany Forest the last remnant of?
1012	What conviction did many Poles have regarding how the Varsovians thought of themselves?
1013	What are there no longer limitations on since 1990?
1020	What is the second level of territorial division in Poland?
1021	In what districts are the registration numbers for cars all of the same type?
1029	When did Menich serve as President?
1036	What was the total nominal GDP of Warsaw in 2010?
1041	Whose former headquarters was the WSE located in until 2000?
1045	Who bought the factory in 2005?
1050	How many people live in the greater metropolitan area?
1055	How many residents does the greater metropolitan area have?
1059	From which countries did the Norse originate?
1090	Who was the leader when the Franks entered the Euphrates valley?
1092	What were the origins of the Raouliii family?
1100	What was the naval base called?
1132	How long did Western Europe control Cyprus?
1141	What was the wedding date?
1147	Who bought the rights?
1148	Who sold the rights?
1164	Who were the two abbots at Fécamp Abbey?
1243	What did Tesla dress in while in Tominaj?
1264	What secret did he sever family ties to keep hidden?
1278	Why was he unable to enroll at the university? 
1314	What was produced at tesla's company? 
1322	what did he do for $2 a day?
1326	What else did Tesla do for work at this time?
1329	Where would profits go in this new company?
1332	What was Brown's job?
1342	Why was AC electricity gaining popularity?
1350	Who edited Electrical World magazine?
1370	What did the war first start out as being between?
1371	What did Edison Machine Works persue in 1890?
1376	What caused the delay during the development of the AC motor.
1392	Who was the head of the company?
1395	What was the advantage of the two-phased system 
1399	By 1897, how much had Tesla, Brown, and Peck received in royalties and licenses over the patents?
1401	How much had Westinghouse paid to Tesla, Brown and Peck?
1415	How long did Tesla hold this position?
1420	When Tesla attempted to photograph Mark Twain, what was the only thing that showed up on the image?
1423	What happened to most of Tesla's work from this time?
1442	Where can Tesla's theories as to what caused the skin damage be found?
1443	Which engineer made the induction motor more efficient?
1450	How did Tesla know he was being struck by the particle?
1456	What was the boat called?
1457	Where was the boat demonstration given?
1458	What was the occasion for the boat demonstration?
1467	What date did Tesla begin his Colorado Springs experiments?
1476	What was notable about the butterflies?
1478	What happened to the dynamos in the power station?
1479	What caused the dynamos to be burnt out?
1484	What is another possible explanation for the source of the signals?
1492	When was his lab destroyed?
1500	How much correspondence did Tesla send Morgan in the five years following 1901?
1501	Why did Tesla want funds from Morgan?
1502	What happened in 1901?
1505	At what speed did the turbine operate?
1507	What was the horsepower put out by the turbines in Waterside Power Station
1513	What did Tesla think could improve the brain's intelligence?
1514	What was Tesla's plan to make students "bright"?
1515	Who approved of this plan?
1516	What was Maxwell's job?
1517	Where did Tesla look for investors prior to WWI?
1536	What was Tesla's belief as to the selling price of the biplane?
1540	For how long did Tesla receive this compensation?
1550	When did he first get out of bed following the accident?
1551	When did the accident occur?
1555	What was another use for the weapon?
1563	Where can the Treatise be found?
1572	Who first discovered his body?
1574	What was given as the cause of death?
1578	To where were the belongings taken?
1580	Who wrote the eulogy?
1583	Where was the funeral held?
1587	Where were the ashes sent?
1588	When are the ashes now?
1596	Who served his dinner?
1599	What did he do to his feet at night?
1602	What was Brisbane's job?
1606	What was wrong with the pigeon?
1609	How much did Tesla weigh?
1615	What is another term for Tesla's visualization ability?
1624	Who reportedly wanted Tesla's company?
1625	When did Tesla admit to a reporter that maybe he'd sacrificed too much by not having a relationship?
1628	What was Tesla likely to do with his work?
1629	With what word was Tesla's sociability described?
1640	What did he believe the ether did?
1654	When did he talk about his thoughts on gender?
1655	What term did he use for what he believed would be humanity's future rulers?
1656	The issues of what era did Tesla's article talk about?
1657	What were the "great Forces" mentioned in the article's title?
1658	When was the article published?
1659	What entity did Tesla believe would not be able to solve the problems of the time?
1663	What article was published in 1937?
1673	What kind of media can references to Tesla be found in
1676	For what occasion was he put on the cover?
1685	What are two basic primary resources used to guage complexity?
1718	How can function problems typically be restated?
1719	If two integers are multiplied and output a value, what is this expression set called?
1721	What is one variable on which the running time may be contingent?
1722	How is the time needed to obtain the solution to a problem calculated?
1747	What often affects or facilitates ease of analysis in computational problems?
1775	What has complicated definitions that prevent classification into a framework?
1802	What are two examples of different types of reduction?
1804	What is the most frequently employed type of reduction?
1887	If someone is being taught at their place of residence, what is it called?
1890	What would a community member need to teach informally?
1905	Why would a teacher's college exist?
1912	Who might take disciplinary action against a teacher?
1931	What would a teacher do for someone who is cocky?
1947	What type of support does co-teaching provide?
1952	When could a teacher act in the role of a parent?
1965	Where can you find more information on a country's practices?
1972	What is the balance for positive reinforcement?
1974	What is not considered appropriate disclipine?
1978	What do critics think the cause of problems with modern schooling is?
1984	What class sizes can make keeping order difficult?
1986	Who may teachers focus on, in order to prioritize attention?
1999	Students exposed to an enthusiastic teacher usually did what more often outside class?
2000	What is dramatic gesturing an example of?
2001	What type of studies explored student motivation?
2010	What should a teacher guide a student in?
2024	What is the time period of this statistic? 
2025	Who conducted this survey?
2027	What was the definition of professionals, for this study?
2028	How many people were involved in the study?
2029	What study covered subjects in 80,000 schools?
2032	Why have some men avoided becoming teachers?
2037	What can hurt a teacher's mental and physical health?
2039	What is something that teacher's are at a high risk for?
2049	What is stress-management training considered to be?
2050	What might offering bonuses help reduce?
2052	Where are nearly all teachers taught?
2054	What certificate is often earned after graduating high school?
2055	What might also be required of a teacher to pass, in addition to certification?
2060	What is tertiary education?
2062	What is the minimum required if you want to teach in Canada?
2066	Where are teachers recruited from?
2068	What is used to decide a teacher's salary?
2070	What does teaching on an island result in?
2071	What is the basic pay for a teacher, in Euros?
2072	What can a teacher with 25 years of experience make, in Euros?
2077	What funds cannot be used if a teacher is not registered?
2078	When was vetting introduced?
2079	Who is subject to vetting?
2081	Who cannot be employed by a school in any manner?
2083	What can cause salaries to go higher than the range?
2086	When was the salary range listed valid for (month and year)?
2087	What do counties sometimes offer to get more teachers?
2097	What is the start of the salary year?
2101	What group can teachers register with?
2109	When were attacks on teachers the highest?
2113	What is the longest time that a teaching certificate is good for?
2125	What are the three major traditions present in Christianity?
2127	Who may be a spiritual teacher in the LDS Church?
2130	Who do Priesthood representatives defer to, at times?
2134	In what area is it common for spiritual mentorship to be extremely high?
2137	What is the name of a Bodhisattva vow?
2139	What helped the Lama determine to be reborn?
2140	Who teaches the proper way of living in Islam?
2143	What is another name for exoteric?
2176	When did the lightening event happen?
2212	What did Luther call these donations?
2218	What story has little foundation in truth?
2220	On whose comments is the posting on the door based?
2222	What do scholars agree on about the posting on the door story?
2224	What device was one of the first to aid a controversy?
2244	What became the foundation of the Reformation?
2265	Who attempted to arrange a compromise?
2270	Who presided over the assembly?
2277	What did Luther do at the end of his speech?
2280	What did Michael Mullet call Luther's speech?
2283	Why is the statement doubtful in the eyes of scholars?
2284	What manner of words does Mullet think Luther would choose?
2307	At this time where was Luther's focus centered?
2336	Where did Luther become angry at the widespread destruction of church property?
2348	What event followed the battle?
2359	Who married the wedding couple?
2382	For whom was this new mass intended?
2401	What work is useful for pastors?
2413	Why did he want to make the language accessible to people?
2415	At the time of Martin Luther what was in demand?
2426	Why were Johann Esch and Heinrich Voes executed by the Catholic Church?
2429	What is the hymn known as in English?
2432	Where is the Apostles located?
2437	What was the hymn meant to examine students on?
2438	What does the original manuscript show?
2463	In what years did Bach use more of Luther's hymns in his compositions?
2473	When did Gerhard Lessing reach his conclusions about Luther?
2474	Where did Luther say that the soul doesn't sleep, but rather has visions?
2475	Who stated that John Jortin misunderstood Luther?
2477	Who pointed out that the passage under dispute actually refers to a living man?
2481	What was the Marburg Colloquy meant to establish? 
2484	What point did the theologians differ on concerning the Last Supper?
2492	Which group did not agree to sign these agreements?
2520	What is the use of the law by the Holy Spirit?
2522	What does refusing to preach the Ten Commandments not do?
2527	What did Luther consider Christ's life?
2531	What does the Ten Commandments ask of the Christians?
2552	Who was the most widely read writer of his generation?
2564	What did this agitation provide later generations material for?
2569	What did Paul Rose say Luther added to German thought?
2574	What kind of affect did Luther often use in his discourses?
2576	What is the title of Edwards book about Luther?
2580	When were the elections that produced a higher vote by Protestant Nazi sympathizers than by Catholics?
2584	What other health issues did Luther have?
2599	When was a third visit to Mnafeld scheduled? 
2604	What is Psalm 31:5?
2605	When did Luther waken with more chest pains?
2606	What event took away his ability of speech?
2616	How was Luther presented as an image to spread Protestantism?
2620	On what other calendar is Luther commemorated?
2628	The reasons for the las two counties to be added are based on what?
2637	Which of the three heavily populated areas has the least number of inhabitants?
2687	Which organizations most commonly divide and promote the state?
2690	Which mountain range influenced the split of the regions?
2697	What is the main gap to continued urbanization?
2727	What is the state average growth rate?
2729	Which region began to grow and assert itself in the 2000s?
2742	The region was a leader in what event between 2001 - 2007?
2744	What was the effect of the housing crash on the region?
2761	Where are international corporations headquartered?
2803	What is rugby rapidly becoming with high schools?
2806	What year did BSkyB acquire Sky Italia?
2815	How many BSkyB channels were available to customers prior to October 2005?
2816	What channel replaced Sky Travel?
2817	What was Sky Travel later rebranded as?
2819	When did Sky launch a TV advertising campaign target towards women?
2828	What channels were removed from the network in March of 2007?
2830	What did Virgin Media claim BSkyB did that resulted Virgin not carrying the channels anymore?
2831	What additional srevice did BSkyB offer besides HD channels that they claimed offered "substantially more value"?
2832	What additional srevice did BSkyB offer besides Video on Demand that they claimed offered "substantially more value"?
2833	when did the English High court find Microsoft's use of the term "SkyDrive" infringed on Sky's right?
2838	Who was the chief executive officer when the service began?
2842	How many households had BSkyB service in 1994?
2848	What are the Sky Q mini set top boxes able to connect to?
2849	What does connecting different Sky Q boxes enable them to do?
2853	Sky Movies and Sky Box office also include what optional soundtracks?
2859	What satellite enabled Sky Digital to launch an all new digital service?
2863	How many people were registered to receive the HD service prior to launch?
2865	What was the number of customers that the BBC  reported had yet to receive the service due to failed deliveries?
2866	What was the total number of homes Sky announced that had Sky+HD in March of 2012?
2867	When did BSkyB announce it's intention to replace it's free-to-air digital channels?
2869	What platform was Sentanta Sports planning on launching on?
2871	What does BSkyB's sport portfolio include?
2874	What does a receiver have to be equipped with to view encrypted content?
2883	what is the fee range for accessing BSkyB's EPG?
2898	How large was the audience BSkyB said they could reach?
2900	What was the target percentage of households BSkyB wanted to reach?
2901	What was happening to subscriber numbers in other areas of europe?
2906	What did the benefits agency think sports channels on a TV bill meant?
2907	What were the annual carriage fees for the channels?
2910	What company agreed to terminate high court proceedings with Virgin Media?
2911	What were high court proceedings being held about?
2917	Where is the Asian influence strongest in Victoria?
2933	How many Victorians are Catholic?
2935	How many Victorians are Buddhist?
2955	What are the exceptions in the constitution  that require special considerations to amend?
2975	What type of topological systems are found in numbers in Victoria?
2984	What entity owns V/Line?
3028	How many farms are there in Victoria?
3040	What did this agreement do?
3043	The term may be related to what politician from Switzerland?
3045	When did this attempt take place?
3048	Who translated this version of the scriptures?
3058	Who was the first Huguenot to arrive at the Cape of Good Hope?
3085	When did these rebellions take place?
3086	Where did these uprisings take place?
3098	What is located within this district?
3106	By what other name was the Gate known?
3107	Who allegedly haunted the gate?
3124	When did the British defeat New France?
3134	Besides Britain and North America, where else did Huguenot refugees settle?
3156	What years did this occupation take place?
3177	When were these settlers naturalized as English colonists?
3180	What Dutch document condemned the Spanish Inquisition?
3184	When was this naturalization act passed?
3187	What Catholic Church liturgical belief did Lortie criticize openly?
3194	Which Count did the Prince strike an arrangement with?
3197	In what year was the agreement to allow the Saarland settlement reached?
3198	What two member nations of the Holy Roman Empire received Huguenot refugees?
3202	What made emigration to these colonies attractive?
3205	Who is one prominent advocate of this theory?
3207	Other theories of the word's origin can be generally classed as what?
3240	What is the present-day location of this church?
3271	What is a notable application of injectors today?
3283	What happens after the lead melts?
3289	As of what year were 10000 horsepower engines available?
3389	In what sort of places are dry cooling towers used?
3398	Compounding was not popular in the construction of what machines?
3403	What is another term for excessive compression?
3411	What is another term for rotors?
3413	What is another way of referring to stators?
3431	What type of valve is used by recent safety valves?
3434	What was the ultimate development of the horizontal engine?
3449	In addition to recirculating water, what do condensers do?
3652	What mechanism can be used to make oxygen?
3692	What function do compounds like phenol and acetone serve in the manufacture of many other substances?
3705	Why is breathing oxygen in space craft not dangerous to health?
3713	What medical appliance can be a concern for oxygen toxicity?
3737	Why did the Shah of Iran gave an interview?
3764	When did the series of strikes happen?
3773	Why was this short termed organization created?
3782	Who backed policies that have solutions that sound good but have poor prospects?
3793	Which countries became dependent on US's security assurance to threats?
3799	What type of engines does the American car typically have?
3806	What did Mitsubishi rename its Forte to?
3873	How big was the Vertical Assembly Building?
3908	The outside of the CM was covered in what kind of material?
3910	How much did the CM weigh in kgs?
3964	In what month and year was the AS-258 scheduled to launch?
3987	What eventually happened to the Block I program after the incident?
4016	What was redesigned to allow better maneuverability in the LRV?
4033	As the moon has no atmosphere, what is prevalant in many moon rock samples brought back from Apollo missions?
4034	What do a great majority of rocks sampled from the moon show?
4048	Do the U.S. flags on the moon still have their original coloring or were they faded due to the Sun?
4051	How much of the population of Earth ended up seeing the images of the Earth and the Moon?
4076	Who applies European Union law?
4081	Which two courts apply European Union law?
4085	By whom is European Law applied by?
4093	What governing body appoints commissioners and the board of European Central Bank?
4096	What powers does the Court of Justice of the European Union have in regards to treaties?
4097	Under what instances can individuals rely on primary law in the Court of Justice of European Union?
4098	When do treaties apply?
4100	What are some examples of territories where a member state is responsible for external relations?
4101	When do the stated Treaties apply?
4103	How did the principle treaties that form the European Union begin?
4104	Which two treaties provided more formal institutions of the European Union?
4108	What caused the need for principal Treaties that ended up forming the EU?
4118	What reform was attempted following the Nice Treaty?
4119	What was an additional projected effect of the attempted reform?
4120	Which caused the reform to never come into force?
4124	Which authority figure is designated to schedule and set the work of the EU?
4128	Who sets the agenda for the EU's work?
4134	Who found that there was a developed culture of Commissioner's who lacked responsibility?
4138	The censuring of the Santer Commission  resulted in which main case?
4139	Who found that a culture had developed where few Commissioners had any sense of responsibility?
4140	The corruption found by the Committee of Independent Experts resulted to the creation of what office?
4142	Which two governing bodies have legislative veto power?
4143	What can't Parliament do that causes equality and democracy to be deficient?
4148	Which entities have powers of amendment and veto during the legislative process?
4154	How are the votes weighted to ensure that smaller states aren't dominated by larger ones?
4158	How often does the European Council meet?
4160	What is defined as the majority vote?
4164	What articles state that unless conferred, powers remain with member states?
4166	Which TFEU article defines the ordinary legislative procedure that applies for majority of EU acts?
4168	Which articles state that powers stay with member states unless they've been conferred?
4169	What entity is created if the three different institutions cannot come to a consensus at any stage?
4175	How is the judicial branch of the EU an important factor in the development of EU law?
4177	What entity deals with EU staff issues?
4179	What is the CJEU's duty?
4181	What was the reason the Italian Constitutional court gave that resulted in Mr. Costa losing his his claim against ENEL?
4182	What were the years two Regulations that conflicted with an Italian law originate in the Simmenthal SpA case? 
4183	Which entities have had to develop principles dedicated to conflict resolution between laws of different systems?
4185	Which court argued that the Treaty of Rome did not prevent energy nationalism?
4187	What issues do member states say the Court of Justice does not have the final say on?
4189	What does the EU's legitimacy rest on?
4190	In what cases can the EU not override German law?
4193	Which actions by EU institutions can be subject to judicial review?
4198	What are EU Regulations essentially the same as in the case mentioned?
4203	What happens first if a Directive's deadline for implementation is not met?
4204	What happens secondly if a Directive's deadline is not met?
4205	How long did Ms Kucukdeveci work for Swedex Gmbh & Co KG before she was dismissed?
4206	Which company did Mrs Foster work for?
4207	At what age did British Gas plc force their workers to retire?
4209	What does the First Company Law Directive article 11 require?
4210	What did the Italian government fail to do in Francovich v Italy?
4211	How much money was Francovich allowed to claim from the Italian goverment in damages?
4218	Which laws mentioned predate EU law?
4219	What must the adoption of laws which will have legal effect in the EU have?
4220	In what does the doctrine of legitimate expectations have roots?
4222	The European Court of Justice cannot uphold measures that are incompatible with what?
4224	Which entities were originally concerned with preventing violation of human rights?
4234	When was the basis for the Social Chapter developed?
4235	How many general principles does the Social Charter declare?
4239	What title was the Social Charter set to be included into the Maastricht treaty under?
4243	Which directive mentioned was created in 1994?
4245	What did the Works Council Directive require?
4259	 What entity has taken the view that the goals of free trade are underpinned by the aims to improve people's well being?
4261	What did did article 34 discriminate against in Procureur du Roi v Dassonville?
4262	Article 34 meant states could be responsible for what?
4263	In which case were French vigilantes sabotaging shipments of Spanish Strawberries?
4264	In Schmidberger v Austria, the Court of Justice came to the conclusion that Austria didn't infringe upon article 34 by failing to ban a what?
4269	 In the 2009 Commission v Italy, case, the Court of Justice held that an Italian low prohibiting what infringed article 34?
4270	Which two importers claimed that under a French competition law, they were prevented from selling Picon beer under wholesale price?
4271	The aim of the French competition law was to do what?
4272	In which case did the Court of Justice review Swedish bans on advertising to young children under 12?
4274	What have the Treaties sought to enable since its foundation?
4276	What was free movement increasingly based on?
4277	In which case did a German man claim the right to live in Netherlands where he was a volunteer plumber?
4278	What did the Court of Justice say Steymann was entitled to?
4279	Which articles of the Free Movement of Workers Regulation set out the primary provisions on equal treatment of workers?
4282	In which case was a Dutch national not entitled to continue receiving benefits when he moved to Belgium?
4283	In the case Geven v Land Nordrhein-Westfalen, how many hours was the Dutch woman in question working in Germany?
4284	What has lately been being viewed as a fundamental status of member state nationals by the Court of Justice?
4285	What has having an EU Citizenship increased?
4294	At the time, countries such as Spain didn't have a crime against what?
4301	Which newspaper's parent company could not evade tax by shifting its residence to the Netherlands?
4303	How much capital did Danish law require to start a company?
4304	What could justify restrictions on freedom of establishment?
4305	In which case did the Court of Justice hold that a German court couldn't deny a Dutch building company the right to enforce a contract based in Germany?
4353	What are some of scientists arguments? 
4354	How has this debate been proven?
4398	What time period did the geoglyphs date back to?
4408	Who discovered this and where did they come from?
4413	Evidence for what types of structures were found in 2003?
4427	What is the average plant biosmass?
4443	What is notable about the Amazon forest when it is seen from space?
4463	What are the main threats facing the Amazon rainforest in the current century?
4509	What does coastal beriods use as teeth?
4512	What do Beriods use as teeth?
4514	How many different species of ctenohore are there?
4517	Are juiveniles capable of reproduction?
4523	What is a hermaphrodite?
4530	What promoted the growrth of Mnemiposis in the Black Sea?
4536	What are phytoplankton?
4543	What were the fossils that were found to represent ctenphores missing that current ctenphora have?
4546	Cypiddids are not what?
4568	Why are coastal species tough?
4573	What does the internal cavity contain?
4604	What are auricles?
4621	Which species moves by a darting motion?
4626	How are eggs and sperm released?
4629	Where are the gonads located?
4633	When do juvenile develop into adults?
4693	In what town did Bill Aiken grow up?
4694	On what show did Bill Aiken make is television debut?
4695	Who was Bill Aiken's adopted mother?
4703	What former building is currently known as Grand 1401?
4707	Which artist has a piece of his artwork located at the Fulton Mall?
4708	After reopening, where will the art pieces be located after restoration?
4712	When was most of Sunnside developed?
4721	After its re-opening, which types of movies did the Tower Theatre show?
4727	What area has become attractive for restaurants?
4734	Which boulevard can you find many majestic homes in the area?
4735	Who mapped the Alta Vista Tract?
4748	What area of Brookhaven is still known for its high levels of crime?
4749	When were the public housing developments built in the neighborhood?
4750	On which corner is the shopping center located?
4751	What are the two processing facilities in the neighborhood?
4760	Who created the nation's first aviation community?
4761	What is the name of the first aviation community built?
4762	The transportation law allows personal aircraft to share the roadways with what?
4777	What was the percentage of Non-Hispanic Whites in 2010? 
4781	How many same-sex married couples or partnerships were there?
4785	How many housing units were there in 2000?
4788	What was the population density in 2000?
4801	What are the factors that are contributing to the desire to have SR 99 improved to be of interstate standards?
4802	Which company provides train service in Fresno?
4809	What did this concept contradict 
4812	What was the goal of the system 
4813	Who is credited with the modern name for this system 
4819	How is circuit switching charecterized 
4826	In cases with shared medium how is it delivered 
4828	What was developed for the Air Force 
4829	What 3 things does the Air Force work key on 
4830	How are Air force messages delivered 
4834	What  things did the network concentrate on 
4837	What did Davies want to build 
4838	What use was suggested for the system 
4847	Why is the node requiered to look up 
4848	What is a connection identifier 
4850	WHat do x.25 and Frame Relay both require
4853	What is a typical configuration
4855	2 differences betwen X.25 and ARPNET CITA technologies 
4856	WHat does UserDatagram Protocol gaurentee
4858	What was Apple Talk 
4859	WHat were features of Apple Talk 
4861	This type of system is known as 
4864	How was this possible 
4865	This network influenced  later models of 
4870	What was Warner Sinback
4871	The 4 sales and service centers are viewed as 
4872	Were the centers profitable
4873	What did Warner Sinback decide 
4875	What completed the triad 
4877	What was telenet 
4879	Purpose of Telnet 
4880	Telnet Used what  Interface technology
4881	Telnet was sold to 
4885	The business allowed for private companies to do what 
4888	Who developed DATAPAC
4895	Who else did DATNET 1 refer to 
4904	ableine was retired and the new platform is called 
4910	Who operated the vBSN network 
4911	By 199 how many universities were connected 
4919	How old are the gravestones that reference the plague?
4943	Who was the medical report written for?
4962	What was the Plos Pathogens paper about?
4965	What does the plos pathogen paper claim?
4966	What are clades?
4977	What was Shrewsbury's conclusion?
4983	Where can population estimates be extrapolated from?
4984	During which years was no census taken?
4986	How significant was the transfer of disease through fleas?
4993	What is septicemia? 
5015	Who fought in the great Northern war?
5027	Which parts of the Earth are included in the lithosphere? 
5041	Why is the second timeline needed? 
5079	Where do dikes form?
5083	The Hawaiian Islands are made up almost entirely of what?
5104	Zones in which mountains are built along convergent tectonic plate boundaries are called what?
5107	What does critically tapered mean? 
5178	What are chares?
5182	What has recently undergone extensive restoration?
5189	What is said to be the largest travelling funfair in Europe?
5214	How did Brainbridge's official ledgers report revenue?
5221	What was the dominant housing template when industrial centres were growing the fastest?
5223	Where is this housing style being developed recently?
5225	What can be achieved without building high or getting rid of common areas?
5226	What proportion did detached homes rise in 2010?
5227	Where does the proportion of shared and converted houses in 2011 put this dwelling type in the color-coded brackets?
5228	What type of markets is the dwelling type below?
5247	Where are some words from the Geordia dialect used?
5256	What is referred to as the Diamond Strip?
5257	What is "The Gate"?
5260	What does the Pink Triangle have a range of?
5272	How many CDs does Newcastle's library have?
5297	Where was a cinema relocated while repairs were underway?
5300	Where is the Tyneside Bar located?
5301	Where is the Science Village located?
5302	What does the Discovery Museum draw attention to?
5317	How is Newport's airport connected to the city?
5321	What was enhanced in 2014?
5326	How often do trains journey to King's Cross?
5338	What is being overhauled as part of the improvement works?
5345	What was increased in November 2011?
5349	What is Nexus?
5373	Which cathedral is located in Fenham?
5385	What local radio station is broadcast by the Corporation from the Pink Palace?
5397	What is Michael Carrick and Alan Shearer's profession?
5399	What did John Dunn invent?
5438	When could V&A Dundee?
5439	What was the building that formerly occupied the V&A's present site called?
5449	Who were responsible for the interior decorations of the Green Dining Room?
5465	What building materials were used to build the main façade?
5468	Statues of British artists adorn which part of the tower above the main entrance?
5474	Which part of the museum received the first major post-war work?
5479	Which gallery was redesigned in the 1990s and later improved in 2002? 
5480	What was restored in the sculpture gallery during its renovated in 2006?
5487	The steps around the water feature can be drained for what uses?
5488	Which tree species is planted in the two corners by the north facade?
5516	What is the name of the gallery devoted to Chinese art?
5522	Most of the objects in the Japanese art collection is dated to which time period?
5524	Tibetan art from which period is represented in the V&A collection?
5540	What cataloging system was used by the National Art Library from the 1980s to the 1990s?
5542	What type of item is the mostly likely to show in the V&A computer system?
5545	What was the digitization project called?
5548	What is the second phase of the digitization project?
5555	What British cultural trend during the Georgian is linked to design during the same period?
5601	What items comprise the John Jones Collection?
5614	The silver and gold collection of the V&A is divided into which categories?
5625	Which Member of Parliament explained how the museum would preserve the collection and keep it available to the public?
5641	What was one example of a non-French painting was included in the Jones bequest of 1882?
5646	What do the Animal Locomotion photographs capture?
5654	What is the largest item from Italy that is part of the sculpture collection?
5660	Britain's support of France in which war led to Rodin donating many of his sculptures to the V&A?
5661	Which sculpture by Rodin was not donated by the artist?
5665	What sort of continental sculptors are represented in the British Galleries of the V&A?
5666	Who were the sculpture galleries that opened in 2006 named after?
5669	Which two British sculptors are now represented with the opening of the new galleries?
5674	Which region is represented the most in the textiles collection?
5681	When is the Sicilian Tristan Quilt dated?
5690	The material in the V&A theatre collection is available for which use?
5738	When was ABC1 discontinued because of low viewership?
5739	What developmental network was discontinued after the shutdown of ABC1?
5748	Why was NBC unable to broadcast the coronation of Queen Elizabeth II?
5749	Why was CBS unable to broadcast the coronation of Queen Elizabeth II?
5763	What are ABC's current daytime talk shows?
5771	Which channels did Frank Marx think would be requisitioned by the U.S. Army?
5809	Where is the ABC four-note jingle still in use?
5814	In what year did the first ABC identification card have a 3D appearance?
5838	Which network began airing the TGIF comedy Family Matters for the 1997-98 season?
5851	When did ABC's New York flagship stations change their call signs?
5885	What year did the Financial Interest and Syndication rules result in ABC's decision to split ABC Films into two companies?
5889	Who was ABC Great States sold to in 1974?
5895	Who was the President of ABC television in 1976?
5910	When was 7 Lincoln Square completed?
5911	When was the newsmagazine 20/20 first created?
5912	Who was first appointed at the anchor of 20/20?
5920	What game show debuted on ABC in 2007 as a replacement for striking programs?
5921	Who started rumors in 2008 that ABC would sell its ten owned-and-operated stations?
5940	How many stations did ABC have affiliation agreements with in 2015?
5941	What percentage of American households did ABC reach in March 2015?
5946	In 2011, which program became the only ABC broadcast in 4:3 standard definition?
5948	What was the program in the first Children's program block to be broadcast in HD?
5959	On what service were All My Children and One Life to Live revived on for one season?
5960	What talk show replaced One Life to Live?
5962	In 2013-14, NBC finished in first place in the 18-49 demographic for the first time since when?
6005	What two talk shows are currently featured during daytime programming on ABC?
6008	What are the only states where ABC doesn't have a licensed affiliate?
6012	What entity began producing television series for ABC in 1962?
6017	What programs are broadcast from the Times Square Studios for ABC?
6020	What is ABC's traditional VOD service currently named?
6026	What does ABC on Demand disallow for online viewers?
6030	What new typeface was created for ABC for use in advertising?
6042	Why did CBS turn down the pitch for The Untouchables?
6063	Which sitcom ended its broadcast run for ABC in 1983?
6065	Which network regained the ratings lead in America in 1984?
6067	ABC began to focus on what kind of series after NBC's success in 1984?
6074	Who was the film Charly produced by?
6080	Who was the ABC Entertainment president in 1957?
6087	What were the first local stations to offer streams of their programming on WATCH ABC?
6093	How many affiliates does Sinclair Broadcast Group service or own?
6099	What are the two ABC affiliates for Tampa, Florida?
6100	What are the two ABC affiliates for Kansas City, Missouri?
6101	What are the two ABC affiliates for Grand Rapids Michigan?
6145	What is an anda?
6272	What two other rulers had their graves hidden under a river?
6319	What did Mongolian President Tsakhiagian Elbegdorj note was significantly punished by Genghis Khan's laws?
6346	What are alternate English spelling of Genghis?
6352	What else was used by pharmas?
6355	What type of treatment are pharmacists important for?
6357	What types of preparation do pharmacists have?
6360	What is a main duty of the GPhC?
6362	What types of responsibilities might a pharmacy technician have?
6370	What put a hierarchical structure in place?
6374	Who was influential in promoting the use of chemical compounds as medicines?
6403	What is involved in a review of prescribed medications?
6404	What are the components of drug therapy?
6410	What entities are included in the federal health care system?
6429	What conditions must be met to prescribe a controlled substance?
6431	Who defines what constitutes a patient-doctor relationship?
6433	What is a reason for the movement to legalize importing medicines from other countries?
6451	What is the estimate of how many physicians give out drugs on their own?
6452	What are pharmacists forbidden to do?
6457	Why is majority rule used?
6458	Why might a physician diagnose a large number of conditions?
6460	How else might a physician take advantage of self-interest?
6463	What responsibilities are pharmacists believed to be taking on more in the future?
6464	What is included in Medication Therapy Management?
6477	What is the immune system?
6479	What are two of its subsystems?
6481	What is the immune system?
6483	What are two of its subsystems?
6490	What are the two different types of immunity?
6548	What causes the symptoms of inflammation?
6633	In what two age groups is the strength of the immune system reduced?
6644	The success of pathogens is predicated on their ability to do what?
6682	Cytokine TBF-B suppresses the activity of what cell types?
6752	Who gave a negative connotation to civil disobedience in recent history?
6756	Le grand asks for a variance of what three terms?
6758	Le grand concludes that an author's words offer only what they intended for them to imply regarding this type of terminology?
6767	When would a person be considered to be excising a constitutional impasse?
6785	Brownlee argues disobedience can be justified toward what institutions?
6786	Brownlee justifies civil disobedience toward what branch of the government?
6790	What do some theories claim about civil disobedience?
6794	Stephen Eilmann demonstrates covert law breaking in Nazi Germany.   Citizen's illegally had been doing what? 
6795	Stephen Eildmann cites the oldest known example of civil disobedience in what part of the bible? 
6798	What is necessary to disobey?
6799	What is sometimes more effective than civil disobedience at times?
6800	What dilemma is a good example of moral civil disobedience?
6804	What other terminology is considered much more destructive?
6810	Why is it preferred that civil disobedience is non violent?
6813	The Hungarians performed this civil disobedience under the direction of what person?
6817	Why would a person chose civil disobedience against specific laws?
6818	What is the goal of individual civil disobedience?
6822	What did the Jewish people do so pagan items wouldn't be in the temple of Jerusalem?
6823	Since Thoreau was not a well known writer what happened when he was arrested?
6824	What position did the tax collector that arrested Thoreau get?
6825	When was Thoreau's essay published?
6826	When is the oldest recorded incident of civil disobedience?
6827	What was the goal of this Roman disobedience?
6828	What is a recent civil disobedience done in a group form?
6835	What was the outcome of living in the California Redwood tree?
6841	What was Joseph Haas arrested for?
6842	What did Joseph Haas say in his email?
6846	What is one criminal behavior that is hard to stop by authorities?
6850	Boycotting, refusing to pay taxes, sit ins, and draft dodging all make what harder?
6852	Name the other way that the Plowshares organization temporarily closed?
6853	Brownlee argues that sometimes people behave in what way to have their issue heard?
6857	What goal do many of these protests have?
6861	What should be avoided when talking to authorities?
6865	Why is the need for acceptance of punishment needed?
6868	Anarchists do not want to accept punishment for what reason?
6874	Where in Las Vegas did a famous protest take place?
6882	Why should one not go to jail?
6888	What way do some people perform civil disobedience in a constructive way?
6889	Why would one want to give a speech?
6890	Why is giving a defiant speech sometimes more harmful for the individual?
6891	Why would one want to give more punishment?
6901	Why should someone not commit a crime when they are protesting?
6902	For what reason would someone avoid crimes while protesting?
6909	What should be the main goal of not using punishment in a just system?
6911	What should the punishment rely on instead in a just society?
6915	What three things are needed for construction to take place?
6924	Infrastructure is often called what?
6927	What is Engineering News-Record?
6932	There are other categories for what?
6934	What are construction managers?
6962	When do cash flow problems exist?
6976	What does the time element in construction mean?
6978	What leads to confusion and collapse?
6981	What is a PPP also known as?
6987	The procedure continues until what?
6989	Who presents different ideas about how to accomplish goals?
6991	Who is usually working together?
6992	What happens as they build phase 1?
6995	What are some existing facilities?
6999	How much revenue is private?
7000	How many firms were existing in 2005?
7001	The average contractor hired how many employees?
7005	Where have some workers made more than $100,000?
7052	What is the purpose of the ASER?
7055	How do private schools in Ireland differ from most?
7085	What stipend do students enrolled in priority courses receive?
7123	What individual is the school named after?
7125	What was the name of the leader through the Great Depression and World War II?
7134	What is the size of the school's endowment?
7136	How many academic units make up the school?
7138	In what year was the school formed?
7139	What organization arranged to founding of school?
7144	After what higher learning model was the school designed?
7154	From whom were the movement that Eliot followed derived?
7155	Who lead the school back to leading research institution in 2oth century?
7156	How was the school able to bring aboard the best talented students?
7158	What was the ratio of men to women at Harvard/Radcliffe?
7168	How much more land does the school own in Allston than Cambridge?
7169	What are some proposals to connect campuses?
7170	What additional benefits are there to surrounding community of expansion?
7178	What project did Harvard halt due to the financial crisis?
7179	What are Harvard's Pell grant reserves?
7180	What is Harvard's total financial aid reserves?
7186	Why did Harvard end its early admission program?
7189	Post 2008 undergraduate students are required to complete how many general education classes towards degree?
7190	What criticism in NY times article that impacts the quality of Education at Harvard?
7191	What is the duration of Harvard Academic year?
7196	What is the total cost of attendance in 2012-13?
7198	In 2009 what was the total of Grants awarded from Harvard?
7201	What are the 3 post popular libraries for undergraduates in the Harvard system?
7218	What is the name of Harvard's primary recreational sports facility?
7225	What Columbia President went to Harvard?
7251	What civilization did the pottery belong to?
7252	What is the 16th century known as the start of?
7265	What was the name of the battle that marked the first Confederate win in Florida?
7287	What was the cause for the issues with city funding?
7291	How were most city officials elected in the 1960s?
7293	What political group began to gain support following the corruption scandal?
7294	What spurred increased support for government reform?
7298	What was the name of the approved measure that helped cover the cost of major city projects?
7309	What makes the Wells Fargo Center stand out?
7330	How many men older than 18 are there for every 100 women?
7333	In order to be considered in the top percentile, a person would need to amass how much money each year?
7334	What has caused Oxfam's findings to be questioned?
7340	Why are there more poor people in the United States and Europe than China?
7351	What is income inequality attributed to?
7353	What is the term that describes the difference between what higher paid and lower paid professionals earn?
7354	How is income determined in a market with variously skilled workers?
7358	What are examples of economic actors?
7360	What pushes businesses to increase pressures on workers?
7361	What impact does workers working harder have on productivity of a business?
7363	What impact does higher worker productivity and leveled pay have on higher earners?
7380	When there are many workers competing for a few jobs its considered as what?
7382	What can lead to higher wages for members of labor organizations?
7383	Who works to get workers higher compensation?
7389	What increases with the increase of income inequality?
7390	Survivial is at the heart of what concept for workers?
7393	What type of entrepreneurship leads to advancements in technology?
7415	What does lack of education lead directly to?
7417	What did Standard & Poor recommend to speed economy recovery?
7418	How much potential economic growth could the United States amass if everyone went through more schooling?
7419	What is the United States at risk for because of the recession of 2008?
7422	When the recovery between the widening gap between the richest citizens and rest of the nation slow?
7423	What did S&P recommend to somewhat remedy the wealth gap?
7425	What does wealth disparity make the economy more prone to?
7426	When did the high school education movement occur?
7430	What contributed to the decreased inequality between trained and untrained workers?
7431	When was the mass high school education movement?
7432	What did the increase in skilled workers lead to?
7433	How did the education during the high school education movement differ from the subsequent high school education?
7435	What can result in creating a poverty trap?
7437	Which set of countries have higher economic mobility than the United States?
7439	Under which policy are labor unions encouraged?
7446	What do weak labor movement correlate with?
7447	What has had a negative impact on the labor markets in the US?
7448	What has presented problems to the US economy more than other nations?
7449	What is the profession of Jake Rosenfield?
7453	What does high inequality go hand-in-hand with?
7454	What effect does trade with poorer countries have on the workers in richer countries?
7455	What effect does trade with richer countries have on the workers in poorer countries?
7457	What has replaced lower skilled workers in the United States?
7460	What does Paul Krugmen think has had an observable effect on inequality in the U.S.?
7465	What is attributed to the income inequality in the United States?
7478	What does a country acquire as it develops?
7480	What do redistribution mechanisms lead to?
7519	What did higher material living standards lead to for most of human history?
7535	An adobe that provides less utility to one person than another is an example of reduced what?
7538	What will a society with more equality have?
7542	Who wrote "The Hidden Prosperity of the Poor"?
7549	What is negatively correlated to the duration of economic growth?
7550	What do high levels of inequality  prevent beyond economic prosperity?
7553	Who matters the most for economic growth?
7560	How does inequality prevent growth?
7568	What do extremely unequal societies tend to be?
7573	When was a study conducted of Swedish counties?
7595	What decreased in number between 1984 and 1991?
7596	Why did the demand for rentals decrease?
7598	What combined with ricing prices to make it difficult or impossible for poor people to keep pace?
7607	How could human inequality be addressed without resulting in an increase of environmental damage?
7609	What does private ownership create a situation of?
7620	What is the goal of the capabilities approach?
7621	How would the capabilities approach achieve it's goal?
7622	What is the definition of agency as it relates to capabilities? 
7623	What happens when a person's capabilities aer lowered, as it relates to their income?
7624	What can and old, ill man not do?
7625	What issues may prevent women from working outside the home or receiving education?
7641	When does Doctor Who transition to a new body?
7642	In addition to a new body, what else changes about the Doctor?
7644	What vehicle did Doctor Who use for his escape from Gallifrey?
7647	Why does Doctor Who's TARDIS always look the same?
7656	Who wrote The Mutants?
7659	Who ended the series in 1989?
7660	What documentary was shown about Doctor Who?
7661	After cancelling the show, what did the BBC tell the public?
7666	How many UK viewers watched the Doctor Who film?
7676	Name two series that have been reboots rather than plot continuations.
7677	What other series mentioned returned with a plot continuation?
7678	When did the BBC rebroadcast the first episode of Doctor Who?
7681	What major event U.S. occurred that made the BBC delay the broadcast?
7682	What other event made the BBC concerned that viewers had not seen the premier of Doctor Who?
7683	What popular phrase is associated with the Doctor Who series?
7684	Who put on a Doctor Who exhibition in 1991?
7685	What was the name of the 1991 Doctor Who exhibition?
7686	What did people vote the Doctor Who series as in a 2011 online vote?
7687	Who conducted the 2011 online vote?
7689	How many of the survey respondents considered Doctor Who very unsuitable for family viewing?
7690	What journalist wrote an article defending Doctor Who?
7702	What was the focus of Season 20 of Doctor Who?
7708	How many Doctor Who episodes have been shown, in total?
7711	How long was the longest Doctor Who Christmas Special?
7718	How did other countries have copies of the show?
7720	What was the name of the Marco Polo episode?
7725	What year was The Invasion originally shown?
7726	What animation company worked on some of The Reign of Terror episodes?
7729	When was the term "regeneration" first used?
7730	What first prompted the regeneration concept?
7732	What term was used for the second regeneration?
7736	In what two serials was the number of regenerations set?
7737	In what year did the film also mention the number of regenerations?
7743	What Doctor was first referred to as "his secret"?
7745	Which Doctor returned for the "Children in Need" show?
7748	Which three doctors were in The Sirens of Time?
7751	Which Doctors were in Project: Lazarus?
7755	In what episode was the Fifth Doctor confirmed?
7762	In what episode did Doctor Who acknowledge having had a brother?
7766	What was the occupation of Doctor Who's other (non-related) companions?
7767	What was the name of the character known as the Time Lady?
7769	Who were the secondary companions of the Ninth and Tenth Doctors?
7770	Who was the first Doctor to travel with a married couple?
7771	Who is the new companion for the 10th series of the revival?
7775	What icons were reintroduced in series 2 of the revival show?
7777	Who was reintroduced for the 50th Anniversary special?
7784	What title do both Doctor Who and the Master share?
7786	What literary reference compares the Master to Doctor Who?
7787	Who was the first person to play the Master?
7790	In what year did the Master reincarnate into a female body?
7797	Upon hearing the final product, what was the creator quoted as saying?
7804	What radio station did the Doctor Who theme reach the charts on in 2011?
7805	Which series version had a negative reception from some Doctor Who viewers?
7806	How high did the Doctor Who theme go on the radio charts?
7808	Who recorded a version of the Doctor Who theme with spoken lyrics in the 1970's?
7810	How high on the charts did the Mankind version of the theme go?
7817	In what episode did Dudley Simpson play a music conductor?
7819	Who performed a benefit concert for the charity Children in Need?
7825	What music did the fourth soundtrack feature?
7827	When was the soundtrack for series 5 released?
7828	What logo was modified and reused for the 50th Anniversary special?
7829	Which logo had the DW Tardis insignia removed?
7830	What logo is used for all merchandise that features past Doctors?
7831	Which logo was used for the third Doctor Who's last season?
7835	In what years did the show see audiences as high as 12 million?
7839	What was the main reason for the show's suspension in 1989?
7845	In what area did the 1996 television film premier?
7849	What did ABC contribute to the 20th anniversary special?
7851	What did ABC do that was special in 2003?
7854	What was the first Doctor Who show that TVOntario ran?
7855	What Canadian cable station started showing Doctor Who in 2009?
7856	Which Doctor Who show was cancelled because it was considered racist?
7858	Who taped video intros for Doctor Who shows in Canada, that included a trivia question?
7860	For which show did Billie Piper tape an introduction?
7861	On what date was series two first shown by the CBC?
7863	What countries are the Doctor Who DVDs available to purchase?
7864	What shows were released on Laserdisc?
7865	What is the only episode released on VCD?
7867	What series years are available on Blu-ray?
7868	Who played Doctor Who on stage in the 70's?
7870	What Doctor Who was written without Doctor Who in it?
7871	What was the name of the play performed in the 1970's?
7872	Which actor was a replacement for Doctor Who due to the illness of the main actor?
7879	When did the Sarah Jane series begin?
7882	Why did the series end in 2011?
7883	What special was created for the show's 30th anniversary?
7886	What type of lenses were needed to see the 3D effects in Dimension in Time?
7888	What was the name of the Doctor Who special created for Comic Relief?
7896	What character on Coupling is a Doctor Who fan?
7897	Which fantasy books have references to Doctor Who?
7898	What story was the first Doctor Who audio release based on?
7899	How long was the first audio of a Doctor Who story?
7900	What was the name of the first Doctor Who story released as an LP?
7901	In what year was the first Doctor Who audiobook released?
7903	Which Doctors were highlighted on the first audio releases on CD?
7904	What series featured Doctors from the revised version of Doctor Who?
7907	When did the Fourth Doctor appear on CD?
7909	When were the earliest Doctor Who books available?
7913	When was Doctor Who created?
7914	What company created Doctor Who?
7915	Who has expressed distaste for the canonicity of Doctor Who stories by other media?
7918	What years did Doctor Who win five consecutive awards?
7920	What Doctor Who actress was nominated for an award in 2016?
7933	How many BAFTA TV awards has Doctor Who won?
7934	How many BAFTA Cymru Awards has Doctor Who received?
7935	In what year was Doctor Who rated the third greatest show of the 2000's?
7936	A Doctor Who show featuring Vincent Van Gogh was recognized by what award?
7938	How many awards has Doctor Who been nominated for, over the years?
7939	How many awards has Doctor Who won?
7944	What weapon does Spike Milligan use against a Dalek?
7953	Who helped develop the first man-made self-sustaining nuclear reaction?
7956	In what year will the Barack Obama Presidential Center be finished?
7958	What person helped establish the school with a donation?
7963	Who helped pay for the university's first building structure? 
7964	What was the name of the first building built on campus grounds?
7966	What is the name of the donor who helped establish the Hutchinson Commons?
7967	In 1890, who did the university decide to team up with?
7972	Who was the university's 5th president?
7974	Why did the 5th president of the university decide to get rid of the football program?
7975	How long did the 5th president's tenure last?
7981	What did the early entrant program do for potential students?
7986	What policy did the Kelven Report contain?
7988	What institute did the university announced to everyone in 2008?
7990	What buildings held the Milton Friedman Institute?
7992	What are the first buildings the university built knows as today?
7996	Hutchinson Hall was designed to look like what Oxford hall?
7998	Who was assigned to design a second master plan?
7999	What administration did Ludwig Mies van der Rohe designa buiding?
8000	What public policy school found it's home in the building that Ludwig Mies van der Rohe designed?
8010	What is the name of the Chairman of the Board of Trustees?
8011	Who took Isaacs place as Provost in 2016?
8018	What division offers more then one branch of studies that don't fit in with the other four?
8026	What does the Urban Education Institute help run?
8038	What role in economics did the university play a major part in?
8046	Around roughly how many students enroll yearly in creative and performing arts classes?
8053	The Maroons compete in what league division?
8056	Why did the university eventually leave the conference?
8062	Who makes up the Student Government?
8074	What is the name of the winter festival held in January that is based on fitness? 
8075	What is the name of the university's summer festival?
8078	Who is the third riches man in America?
8088	What alumni member also write the bestseller Before I Fall?
8094	What American actor is also a university graduate?
8102	What British Prime minister advisor is also a university alumni member?
8104	What university alumni member was known for his work on portfolio theory?
8105	What anthropologists are also university alumni members?
8107	What conservative international relations scholar is also a university alumni?
8114	What mathematician was also apart of the university's faculty?
8117	What cancer researchers were also apart of the university's faculty?
8121	What well known political scientists are currently on the university's faculty?
8122	What paleontologists are currently on the university's faculty?
8162	What did Kublai's government have to balance between?
8164	Who would have been the lowest-ranked class?
8171	What rituals did Kublai follow to help his image?
8183	When did Kublai attack Xiangyang?
8188	What interfered with Kublai's second invasion of Japan?
8198	What did the Mongol elites wish Buyantu didn't do?
8199	Who mentored Buyantu?
8200	What government department did Buyantu shut down?
8203	When was Geegen the emperor?
8205	What did 'Da Yuan Tong Zhi' mean?
8207	Where did Yesun Temur die?
8209	How long after a banquet with Tugh Temur did Kusala die?
8221	Which dynasties' histories were officially documented during Toghun's reign?
8223	Why did Kublai's successors lose control of the rest of the Mongol empire?
8224	Who were later Yuan emperors isolated from?
8230	Who had Toghtogha tried to defeat?
8233	What encouraged cultural exchange under the Yuan?
8235	What crops were introduced or popularized in the Yuan?
8237	Besides Confucianism, Buddhism, and Islam, what religions were tolerated during the Yuan?
8245	How did some suspect that Polo learned about China instead of by actually visiting it?
8247	How accurate did Guo make the reformed lunisolar calendar?
8248	What did Kublai do to prevent famines?
8256	What cultures were part of Kublai's administration?
8257	What dynasties inspired the Chinese-like elements of Kublai's government?
8259	What kind of division of power did Kublai's government have?
8260	What were the three parts of Kublai's government?
8262	When had the Six Ministries existed?
8263	Who were exempt from the Ministry of Justice?
8272	How were the Mongol garrison families earning money?
8273	What type of arts flourished in the Yuan?
8274	Which arts were often practiced together by the same artists?
8286	What type of math was advanced during the Yuan?
8288	What did Guo Shoujing do for calendars?
8289	What did Gou use for astronomy?
8290	What was the Chinese name of Gou's calendar?
8291	What was the English name of Gou's calendar?
8293	Who were otachi?
8296	What department did Kublai create to train doctors?
8297	Why did Confucians like the medical field?
8299	How did the Yuan come to have the 4 schools of medicine?
8300	How did Chinese medicine spread?
8301	What techniques did Chinese medicine include?
8304	Who founded the Office of Western Medicine?
8305	When was the Office of Western Medicine founded?
8306	What aspect of Western medicine did the Chinese dislike?
8307	What philosophies underlay Chinese medicine?
8308	How did the Mongols acquire Chinese printing technology?
8314	What were chao made out of?
8318	What Mongolian system did Kublai's government compromise with?
8320	Who were the Semuren?
8327	Who was made Governor of Samarqand?
8329	What Jewish practice did the Yuan ban?
8331	What was the second meaning of a Chinese word for 'barracks'?
8332	Who revolted in the Ispah Rebellion?
8333	Who thought that the Yuan's social class system shouldn't be called social classes?
8334	What did Mote think the Yuan class system really represented?
8335	There were many Chinese with what unexpected status?
8339	Why were Southern Chinese ranked lower?
8340	Why were Northern Chinese ranked higher?
8341	Who did the Yuan's increase in commerce help?
8342	Who did the Mongols give control of Korea?
8343	Who was the Uighur King of Qocho ranked above?
8344	Who was the Karluk Kara-Khanid ruler ranked above?
8345	Why were the Uighurs ranked higher by the Mongols?
8348	Where was the Central Secretariat based?
8359	What regions do the north-eastern part of the country boarder?
8360	What is Kenya known for?
8363	Where is 97% of the population located?
8384	What is the name of the port city that was created?
8386	Where do many merchants and explorers go?
8396	How did the settlers protect their interests?
8398	When was Waruhiu Itote captured?
8399	What did this help accomplish?
8400	When did Operation Anvil open?
8402	What was the most important governmental change to land tenure?
8414	Who is in control of legislative power?
8418	Where is Kenya place on the scale in 2012?
8422	What led to protests and open discrediting of the ECK?
8425	What group initiated the community dialogues?
8426	What group started peace meetings?
8427	What was started after these new programs were in place?
8430	Where did the president appoint cabinet members from?
8431	How was it determined how many from each camp would be appointed?
8432	How long would this coalition last?
8433	What will the Prime Minister have power over?
8434	Who brought together the former rivals at the signing ceremony?
8435	Where was the signing held?
8436	When did representatives start working on the finer details of the deal?
8437	What was the goal of the grand coalition?
8438	What constitutional change was considered?
8439	When was a vote help to ratify the change to the constitution?
8440	What else did the new consitution change?
8443	When did President Uhuru Kenyatta sign a Security Law Amendment Bill?
8444	Why was this bill nessecary? 
8446	Why did so many not approve of the bill?
8448	What was the result of the 2007 election? 
8456	Why has the corruption not be in the public view?
8457	What were the claims of corruption in the armed forces?
8458	What else was publically questioned?
8465	What is the smalled work force sector?
8470	What attracts the tourists to Kenya?
8477	Why did they teach them to grow peas?
8480	What has the increase of prices caused?
8482	What is grown in the fertile highlands?
8483	Where does the livestock of the country normally dominate?
8493	Where are these dams located?
8502	Where did the first shipment of minerals ship from?
8503	What has caused China to suspend their railway project?
8507	Why did Vision 2030 add the NCCAP?
8508	What will ensure and create the framework for the Action Plan to work?
8511	What is the age range of most prostitutes in Kenya?
8512	What are some of the causes of child labor?
8515	Where is English spoken the most?
8520	Where is the only Jewish synagogue located?
8521	How many Kenyans are non-religious?
8526	Who sees a patient after a nurse can not help anymore?
8529	What directly correlates with the country's economic performance and wealth distribution?
8532	What is to blame for the burdens in health care in Kenya?
8533	How many cases of malaria did Kenya report in 2006?
8538	What system was adopted for education?
8540	What did they want the educational system to be?
8541	What is the edcuation system currently?
8545	Why were vocational subjects most important?
8549	What is the break down of years at different level of education?
8550	What do students do after primary school?
8551	What can students that complete high school have opportunites to do?
8554	What is preschool required for?
8558	What is the KNLS responsible for?
8559	What is the public library seen as to Kenyans?
8560	Why is the public library known as a people's university?
8562	What is the country known for?
8569	Why do these defections occur?
8573	Who is the current captian of the cricket team?
8575	What is Kenya the home of?
8580	What are some normal breakfast foods?
8581	What is normally eaten for lunch and supper?
8614	How much has global mean surface air temperature changed in the last century?
8623	What was Houghton's role?
8628	Why were the 2011 Special Reports issued?
8635	What was the source of the mistake?
8640	What was the topic of the error?
8641	What was the verdict on other alleged errors?
8671	What approach did Oppenheimer advocate?
8679	What does the IPCC rely on for research?
8715	Which lineage includes land plants?
8723	What makes red algae red?
8724	What is the benefit of red algae being red?
8768	What is another word for diatom?
8788	What seldom mutates?
8794	What is a D-loop?
8800	Where does the secondary theory say most genes are kept?
8815	What does Phosphorylation do?
8816	What is the benefit of polypeptide binding?
8827	What does oxidative phosphorylation do?
8838	Where do transport vesicles move between?
8862	What are frets?
8867	What is ATP synthase similar to?
8873	How many photosynthetic carotenoids are there?
8874	What do photosynthetic carotenoids do?
8875	Why do carotenoids make leaves change color in the fall?
8876	What is beta carotene?
8920	What are the molecular inputs for photosynthesis?
8922	What do chloroplasts do like mitochondria?
8928	In what process are electrons recycled?
8940	What can rubisco do by mistake?
8941	When does photorespiration happen?
8942	Why is using O2 instead of CO2 less efficient?
8944	What is unusual about C4 plants' chloroplasts?
9002	What are the specific divisors of all even numbers larger than 2?
9027	What makes the method of trial division more efficient?
9035	When using a probabilistic algorithm, how is the probability that the number is composite expressed mathematically?
9037	What does the Fermat primality test depend upon?
9058	What is the density of all primes compatible with a modulo 9?
9064	What does it mean when a harmonic series diverges?
9073	As of February 2011, how many numbers has Goldbach's conjecture been proven to?
9077	What is a twin prime?
9090	What condition what must be satisfied in order for 1/p to be expressed in base q instead of base 10 and still have a period of p - 1?
9101	What does the word prime generally suggest?
9167	How long is the section that turns north? 
9168	What is the height of the section that turns north? 
9199	Where is the border of Swiss and Austria?
9203	Where does the cold and warm water meet the warm water?
9297	What does the Nederrikn's name change into?
9305	The smaller streams are used for what?
9322	What do closed rivers serve as after they close?
9328	What does a high tide risk near lands? 
9347	When did the last glacial start?
9360	When did rapid warming begin and help vegetation?
9362	When did tides and currents similar to our current system begin?
9366	How quickly is the sea level rising?
9430	What remained an important issue in Scottish national identity for many years?
9433	When was there a sharp rise in nationalism in Scotland?
9434	What did Kllbrandon's report in 1973 recommend establishing?
9445	In the range between 1980 and 1990, what did demand for grow?
9454	What was the building vacated twice to allow for?
9455	Where was Parliament's temporary home whilst the permanent building was being built?
9457	In May 2002, where would you go to address the Parliament?
9459	Who did the Parliament rent additional buildings from?
9460	What  former administrative building was used for the MSP's offices?
9462	What do the former Midlothian County Buildings face?
9464	Who is elected to serve as the Presiding Officer at the beginning of each parliamentary session?
9467	How many MSPs are there?
9468	Who is responsible for operating the electronic voting equipment and chamber clocks?
9474	Why is the seating of the debating chamber arranged as it is?
9481	What words are inscribed on the mace of parliament?
9484	Where do plenary meetings take place?
9489	How long might a speaker address the members during the Time of Reflection?
9507	What happens if a member doesn't vote the party line?
9508	When is the Members Debate held?
9509	Why are debates on proposed motions by an MSP conducted?
9515	What is one avenue being compensated for by having committees serve such a large role?
9516	Taking evidence from witnesses is one of committees' what?
9517	Where might committees meet outside of Parliament?
9518	Who are committees comprised of?
9519	What do the membership of the committees reflect?
9523	When are subject committees established?
9525	Economy, Energy and Tourism is one of the what?
9528	What topic do private bills typically have?
9529	Who decides how land or property is allowed to be used?
9530	What kind of committee considered legislation on the development of the Edinburgh Tram Network?
9533	What does the Scotland Act of 2012 extend?
9539	How much can the SP alter income tax in Scotland?
9543	Where are issues like abortion and drug policy legislated on?
9544	Most aspects of transport safety is a subject dealt with by whom?
9546	Who may introduce new laws or amendments to laws already on the books as a bill?
9548	Who may also submit private bills to Parliament?
9551	What are presented to parliament in addition to the bill itself?
9552	What do statements from the PO and member in charge of the bill also indicate?
9553	Where are bills typically gestated in Stage 1?
9559	When do members proceed to vote on whether they agree to the principles of the final bill?
9562	What is the minimum amount of time before a bill can go into law?
9564	What does the template for bills passed by the Scottish Parliament include?
9565	What party forms the Scottish Parliament?
9566	Who is eligible to toss their name in the hat to be First Minister?
9568	Other than Scotland's Chief Law Officer, from whence are most ministers drawn from amongst?
9572	Who may change the date by up to a month, on the proposal of the PO?
9573	If an extraordinary election is held within less than six months before the date of an ordinary election, what does it do to the ordinary election?
9574	How many days does the Parliament have to nominate a First Minister after a General Election?
9575	What enables the Scottish Parliament to scrutinize the government?
9579	What is set aside for question periods in the debating chamber?
9581	Who may members direct questions towards during General Question Time?
9583	How many general questions are available to opposition leaders?
9587	Why do the island archipelagos comprise a smaller number of electors?
9588	What is the current number of electors currently in a Scottish Parliament constituency? 
9589	How are the total numbers of seats allocated to parties?
9597	Members of which organizations are disqualified from sitting in the SP as elected MSPs?
9598	What act sets the term for judging the boundaries of sanity to which individuals wishing to sit on the SP must adhere?
9599	When the election produced an SNP majority government, what was it the first occurrence of?
9601	By how much did Labour lead Lain Gray retain East Lothian?
9606	What net loss did the Conservatives suffer?
9609	What consequence of establishing the Scottish Parliament applies to Scottish MPs sitting in the UK House of Commons?
9610	What are MPs unable to vote upon?
9611	What phenomenon has led to criticism?
9616	What goal does Islamism have when it comes to society and government?
9621	What is the goal of Islamist groups like Hezbollah and Hamas?
9658	What are incompetent government's commitment to social justice limited to?
9662	Who was Iqbal a critic of?
9695	What percentage of seats did political parties identifying as Islamist win in the Egyptian parliamentary election of 2011-2012?
9696	For many years, what was the Brotherhood described as?
9703	What gained ground when Arab nationalism suffered?
9716	What did the conflict galvanize Muslims around the world to do?
9718	How many Muslims came from around the world to fight in Afghanistan?
9719	What did the Gulf War inadvertently do in the early 1990s?
9724	Who did the attacks resonate most with?
9725	What did Saudi Arabia try to repress to compensate for its loss of stature? 
9734	Who took up the path of violence?
9737	What sin were the leaders the extremists attacked guilty of?
9738	Who wrote a pamphlet outlining the radical ideas of the extremists?
9750	How many people did Hamas kill between 2000 to 2007?
9753	What have Muslims praised Hamas for doing?
9764	One of FIS' agenda items was to force women to start doing what?
9765	When was the FIS founded?
9766	Where was the FIS formed?
9767	What does the acronym FIS stand for?
9768	What were the national elections in 1991 canceled by?
9769	Unsurprisingly, the mujahideen's victory against the Soviets in the 1980s failed to produce what?
9776	The Taliban was so different from other moments that they could be more accurately described as being what?
9785	Who leads The Islamic State?
9791	Why did al-Qaeda tell ISIL to take a hike?
9798	What are colonial powers blamed for?
9800	How does HT strive to amass power?
9803	What have many HT members graduated to joining?
9804	How many Muslims are in Greater London?
9808	What was Abu Hamaz al-Masri charged with when he was arrested?
9820	imperialism often divides countries by using which technique?
9822	A forced trade agreement between two countries would be an example of what?
9825	What subtle tool can be used in an informal imperialistic situation to expand a controlled area?
9837	Political advantage is an attribute of which state policies?
9867	bassett focuses on what to illustrate his idea?
9869	What were blank spaces used for on nineteenth-century maps?
9870	What did Basset analyze before coming to his conclusions?
9874	How many Muslim empires have used imperialism?
9883	What were European countries doing during the 1700's?
9891	Who was made rich and prosperous prior to World War 1
9899	What weapons were the Zulus using during the Anglo-Zulu War of 1879?
9903	What was the idealized value of imperialism?
9904	According to Lenin why must capitalistic countries have an imperialistic policy?
9914	What were the two forms of environmental determinism?
9915	Who thought the world could be split into climatic zones?
9919	Who did the geographic scholars work for? 
9933	The French thought bringing what would uplift other regions?
9942	When did the Germanic tribes claim territory in north and west Europe?
9943	By when did the Germanic tribes conquer the Celtic peoples?
9947	When was the the second German empire founded?
9954	Who influenced Bismark besides his neighbors?
9955	What happened as a result of the Russo-Japanese War?
9963	Who had established the Russian empire to its former glory prior to 1921?
9983	Who was the director of the American Geographical Society in 1914?
9985	Who besides Woodrow Wilson himself had the idea for the inquiry?
9986	What was the premise of Woodrow Wilson's inquiry?
9987	What was Isiah Bowman nick name, as known by the public.
9988	Some people describe what between individuals or groups as imperialism or colonialism?
9991	Who does Edward Said say is being attacked by US imperialism?
10002	What is the United Methodist Church?
10004	Who founded the UMC?
10009	What percentage of the U.S. population self-identify with UMC?
10016	What did "The Holy Club's" teachings emphasize?
10020	Where was the Baltimore Christmas Conference of 1784 held?
10021	What is considered the Mother Church of American Methodism?
10037	The UMC understands itself to be part of what church?
10038	What book recognizes the importance of the Chalcedonian Creed?
10039	What is the concept of the visible and invisible Church?
10049	What is Prevenient grace?
10058	What is Christian Perfection?
10067	What are two official bodies of the UMC governing coalition?
10072	Who is the president of TUMAS?
10080	What part of the UMC calls for its bishops to uphold opposition to capital punishment?
10084	What is the governing committee  that voted in favor of a proposal that would permit ministers to officiate same-sex weddings?
10086	Many conferences have taking a position by voting in favor of what?
10089	What group has approved the appointment of an openly partnered lesbian to the provisional diaconate?
10093	The UMC maintains that war is incompatible with what?
10096	Which task force states that pornography is harmful?
10097	The UMC teaches that pornography is about what?
10098	According to the UMC, persons who are addicted to pornography have altered perceptions of whom?
10108	What may be named after a biblical figure?
10118	What is the main purpose of the jurisdictions and central conferences?
10120	What consist of one ore more Annual Conferences?
10121	Who makes decisions in between the four-year meetings?
10122	The Mission Council usually consists of whom?
10123	In March 2007, the Mission Council of the South Central jurisdiction approved a 99-year lease on how many acres?
10124	Why was the 36 acres leased?
10130	Where does The Council meet?
10139	The UMC established and is affiliated with approximately how many colleges and universities in the U.S.?
10141	Most schools established by the UMC are members of what group?
10144	Elders in full connection are each a member of what?
10145	Each deacon in full connection is a member of what?
10151	How many years do Elders serve as provisional Elders prior to their ordination?
10153	Deacons serve a term of how many years as provisional deacons?
10158	What is the title for a seminary graduate who serves a two-three-year term in full-time appointment after being commissioned?
10159	What provided for the creation of new orders known as "provisional elder?"
10168	How do students learn about the church?
10169	What directions the local church to offer membership preparation to all people?
10170	What do students learn about in confirmation and membership preparation classes?
10176	What type of status did the UMC vote to seek in the National Association of Evangelicals?
10177	Some in the UMC feel that false ecumenism might result in what?
10180	Since what year has the UMC been exploring a possible merger with three historically African-American denominations?
10186	By the opening of the 2008 General Conference, what was the total UMC membership?
10187	By the opening of the 2008 General Conference, what was the total UMC membership in the U.S.?
10190	What is an interdenominational group composed of various churches to promote the Gospel throughout the world?
10197	How did war start?
10201	Why did British operation fail in 1755, 56, 57?
10206	Where was France concentraing efforts?
10210	What was the significance of British win?
10221	Where did French fur trappers travel?
10226	What tribes were in Father Le Loutre's War?
10227	Where did Iroquois Confederation control?
10232	What was Frensh military presence at start of war?
10234	What was normal British defense?
10235	What was extent of Celeron's expedition?
10236	Who was on Celeron's expedition?
10237	How did Celeron handle business on trip?
10240	How did Celeron handle meeting with Old Briton?
10241	What was Old Briton's response to Celeron?
10242	How did Celeron feel about Native relations?
10243	How were leaders back in Europe feeling about news from Celeron expedition?
10248	What agreement was made for trade with natives and British?
10253	When a commission reached no decision, what happened?
10257	What was result of French attack of trading centre?
10261	What was Marin's orders?
10266	Who was the speaker of the tribal council?
10269	Who was added to party as Washington went on the way?
10279	What were casualties of battle?
10286	What was the goal of congress?
10287	Was the plan formalized?
10288	What was the importance of the congress?
10294	What difficulties was Shirly having?
10299	Who won the battle of Lake George?
10300	Where did Johnson stop?
10312	Where was there a weakness in British supply chain?
10313	What was the attack on the British weakness?
10314	How much gun powder was destroyed in attack?
10318	Where did Moncalm slip away to attack, left largely unprotected?
10337	What impact did this loss have on Abercrombie?
10346	What were requests made to British?
10357	What was the objective of Royal Proclamation of 1763?
10358	What lands were reserved for natives?
10360	What made Ohio Country vulnerable?
10366	Who had mathmatical insite?
10399	What kind of measurements define accelerlations?
10416	How do you avoid problems when determining forces involved on an object from two or more sources?
10470	What type of physics model did Einstein fail to make?
10480	What is used to figure the relative strengh of gravity?
10507	What is often misunderstood as the cause of matter rigidity?
10510	How is the Pauli exclusion priciple manifested in the macro world?
10511	What is often misunderstood as the cause of matter rigidity?
10514	How is the Pauli exclusion priciple manifested in the macro world?
10524	At what temperature do weak and electromagnetic forces appear the same?
10530	What do you use to let idea strings switch direction?
10532	What is the final effect of adding more and more idea strings to a load?
10535	What didn't Newton's mechanics affext?
10538	What does matter actually have that Newtonian mechanics doesn't address?
10546	Where does centripetal force go?
10550	What is resposible for speeding up or slowing down an object?
10555	What is the force called rgarding a potential field between two locations?
10562	What is the exchange of heat associated with?
10569	What is the seldom used force unit equal to one thousand newtons?
