8	what is the hot coffee mod in san andreas
9	what is the maximum data rate for the 802.11a standard select one
11	who sang i ran all the way home
13	who was the actor that played ben stone on law and order
15	who plays gram on the young and the restless
26	who plays matthew on anne with an e
27	who is the girl in green day 21 guns
35	who wrote cant get you out of my head lyrics
36	where does no game no life anime end
43	last episode of what happens to my family
56	who sang the song good morning good morning
59	who wrote it's a long long way to pasadena
83	who is the minister of local government in zimbabwe
84	what was the initial effect of the transition from command to market economies in eastern europe
99	who plays noah newman on the young and the restless
103	when does the dlc for rainbow six siege come out
106	who opens the church of the holy sepulchre
107	when does season 5 of the blacklist resume
114	when does the champions league quarter finals start
125	how many seasons of rules of engagement is there
136	how tall is the actor who plays hagrid in harry potter
139	who voices randy in f is for family
150	derek and meredith get back together season 3
152	who played zoe hart on hart of dixie
164	where was the first session of the assam association held in1905
172	who is jared on the bold and the beautiful
176	who plays chummy's mother in call the midwife
179	where do they put the tomb vampires in order to burn them during founders day
203	when did ole miss beat alabama in football
206	when does the miz and maryse show start
215	hyori bed and breakfast season 2 air date
227	when did the word of wisdom become mandatory
238	how old is the actress who plays phyllis on y&r
240	when does sam realize he is jim in ghost whisperer
241	what size engine does a 2005 honda civic have
244	locations for the film an englishman who went up a hill
251	what caused the breakup of the democratic republican party
256	what is the meaning of the dragon boat festival
263	where was when we first met netflix filmed
275	batman the enemy with episode 5 release date
278	when did mcgee became a regular on ncis
281	the legend of heroes trails in the sky the 3rd vita
289	who sang picking up pebbles and throwing them into the sea
290	how many breeds of pigs are there in the uk
292	who sings the song i'll never forget you
294	who sang rip it up and start again
303	when was as you like it first performed
304	when was the latest version of chrome released
309	when do new episodes of riverdale season 2 come out
313	when did the eagles play in the superbowl
319	when does the new gotham season come out
325	who is edmund on days of our lives
330	who plays unis in she's the man
333	what episode does goku give up against cell
336	who plays the dad in nanny mcphee and the big bang
345	when was the last time new zealand had an earthquake
347	who played gino in a place to call home
359	who was mr.owen in and then there were none
360	when did gaurdians of the galaxy 2 come out
368	how many episodes of corrie has there been
372	where does hydrogen peroxide come from in the body
379	when is the publishers clearing house sweepstakes drawing
386	when is the met office leaving the bbc
390	when did the study of media effects begin
394	who is jack's mother in when calls the heart
408	what are the main sources of economic growth in the us currently
412	when is season 3 of grace and frankie being released
415	why was hong kong important to the british empire
418	criminal minds what episode does jj find out she pregnant
420	who played the twins in darling buds of may
428	who does bryce dallas howard play in the grinch
432	when was the young and the restless first aired
445	who sings too much time on my hands lyrics
455	who sings every light in the house is on
457	who wrote got this feeling in my body
458	when does like cage season 2 come out
467	when does the last episode of adventure time air
481	when do the new episodes of supernatural start
493	who played tom in four weddings and a funeral
502	whos jack the ripper in gotham by gaslight
508	who sings got my mind set on you
509	when did the song here comes the boom come out
515	what is the name of the last episode of spongebob
517	when does episode 29 of boruto come out
521	how long was dark side of the moon number 1
533	when is the next scandal episode coming out
537	how many kilometers of great wall of china
542	who played jason in friday the 13th the final chapter
545	when does the shape of water book come out
548	where did they film ghosts of girlfriends past
554	when does walking dead season 8 second half start
556	when will the next episode of flash be aired
568	when does dragon ball super episode 130 comes out
576	who are the judges on the fisa court
577	when did rob dyrdek's fantasy factory end
579	who discovered that plants were made of cells
583	when did rachel have her baby on friends
603	who played the daughters in last man standing
606	who does marge's voice on the simpsons
616	which songs did liam write as you were
625	who played bat masterson in the movie tombstone
627	where does the this is us family live
645	who won the first celebrity big brother on channel 5
646	where was the movie strangers prey at night filmed
649	when is the end of the football season
658	what is the weight of a honda fit
659	when will the 2018 oscar nominations be announced
672	who wrote the song would i lie to you
674	who is the actor that plays jt on the young and the restless
683	when did beds become popular in france and germany
693	star trek the next generation season 3 episode 24
704	where does the show the path take place
708	when does kc undercover season 3 episode 10 air
710	how long is a whale shark in meters
714	who became the it company ceo in 2016
724	when did reba mcentire record back to god
733	who sings the theme song for living single
734	who plays ivo on once upon a time
748	who plays reggie the robot in justin's house
754	where was the tv show high chaparral filmed
778	who plays the principal in santa clarita diet
783	how long are the episodes in stranger things season 1
786	what is the number of cities in texas
788	who sings find out who your friends are with tracy lawrence
790	who was the 19th c. artist who was both painter and graphic designer
797	where does saying bob's your uncle come from
805	who plays charles on have and have nots
819	who plays peter in what we do in the shadows
822	tumhi ho bandhu sakha tumhi cast real name
831	who is the girl in the stone sour video say you'll haunt me
840	who played ben stone son on law and order
844	what does g stand for in ncis los angeles
851	what does aa on a license plate mean
877	who sang i want to be bobbys girl
878	where was 2017 beauty and the beast filmed
881	when does flash come back on season 4 episode 17
886	the duluth model is an intervention program that emphasizes
888	when did slave to the rhythm come out
900	when does boomer find out she a cylon
908	how many pages are in the book inside out and back again
910	when did the song things that make you go hmmm come out
913	who plays the dwarf king in the hobbit
914	when do you declare honors in contract bridge
916	when is if loving you is wrong coming back season 4
925	where does half life 2 episode 2 take place
929	when does season 18 of law and order svu start
932	what is the coldest it has ever been in antarctica
936	in another world with my smartphone japanese title
951	when is the next step season 3 coming out
958	fictional character whose favorite song was blueberry hill
961	what is the average height of a chinese man
983	how many seasons of the glades were made
998	who played young monica in love and basketball
1008	who played dwight's brother on the office
1009	who was toot toot in the green mile
1017	what are the four requirements to establish criminal liability for gross negligence manslaughter
1023	where does trick or treat for unicef money go
1024	when was the first episode of scooby doo
1031	which term describes the replacement of damaged cells to mend a tissue
1038	who sang what are we doing in love
1040	when was zero first used in mathematical operations
1057	how many books are in the one piece series
1064	who played the girl in my two dads
1065	when do love and hip hop new york come back on
1068	when does the next episode of izombie air
1072	what is the largest ethnic group in mexico today
1079	who sings he thinks he'll keep her
1080	who sings gone gone gone she been gone so long
1086	where was the war of the planet of the apes filmed
1093	when does a wrinkle in time come out in canada
1098	the fellowship of the ring director's cut length
1107	when does season 8 of hawaii five o premiere
1111	who sang it must have been love but its over now
1115	who plays rachel on jessie punch dumped love
1131	why did ric flair go back to wcw
1138	american horror story freak show girl kidnapped by clown
1140	who plays sven in the santa clarita diet
1147	batman and robin episode only fools and horses
1172	where is the love meaning of the song
1175	who played chaka on land of the lost tv show
1191	when does brooklyn nine nine season 5 episode 12
1194	who played john clark sr on nypd blue
1195	who played peter benton's sister on er
1204	when did the movie the post begin filming
1212	when does mexico play in the winter olympics
1213	who dies in the lost city of z
1224	when does the new saw 8 come out
1230	when does grey's anatomy come back on in march
1235	when did how you remind me come out
1236	who is new prime minister of italy 2018
1240	what year is the deer hunter set in
1254	who played mr thatcher in when calls the heart
1261	who plays the short cop on will and grace
1265	who won so you think you can dance season 13
1266	who played lionel in as time goes by
1269	who played ricky in secret life of the american teenager
1271	what is the meaning of the name sinead
1296	who sang what i like about you originally
1300	what percentage of global man-made co2 emissions comes from worldwide aviation
1301	when did i'm coming out come out
1302	how long has tom brady been playing professional football
1305	who dies in season 6 of once upon a time
1306	who won mark and goal of the year 2017
1308	where is the 7th game of the world series played
1309	when does the next season of wynonna earp start
1312	who sang it's a mean old world
1316	who has the most sacks in college football
1317	what does zonia receive from reuben in the play
1321	who sponsored the phoenix open before waste management
1332	who won britain's next top model 2016
1334	where do they film take me out fernando's
1335	who played booster in jingle all the way
1343	when is the next episode of flash airing
1353	when was i look at the world poem written
1355	who played g baby in the movie hardball
1357	when was the wheel introduced to north america
1364	who plays zoey in i love you man
1366	who owns the dower house in the archers
1367	to aru kagaku no railgun s episode 3
1368	1 the bureau of land management manages over acres of land in the united states
1373	when does the new adventure time come out
1376	who played tom on as the world turns
1379	when does the little couples new season start
1383	what is the population of fayetteville north carolina
1386	who owns the biggest house in beverly hills
1387	when is the flash coming back after christmas
1392	where did the river thames start and end
1393	where is a simple gear train used in real life
1399	who does claire from mcleods daughters end up with
1404	when did drop it like it's hot release
1416	where did this case of product tampering occur
1419	who plays bianca in that's so raven
1420	when did we find out the smoking man was mulder's father
1429	where does jack ryan live in patriot games
1438	when did the first episode of that 70s show air
1447	when is the last time wisconsin missed the ncaa tournament
1449	how much venom can a king cobra produce
1450	who is the girl in the hinder video lips of an angel
1452	when does season 7 game of thrones dvd release
1453	when did the twenty one pilots hiatus start
1460	who sang the song brother let me be your shelter
1461	who plays justin on the haves and the have nots
1464	who sings only love can break your heart
1476	when does season 8 of shameless come back
1485	who played shaggy in the new scooby doo movie
1489	who sang oh annie i not your daddy
1493	how many farmers are there in the usa
1503	when is the new series of keeping faith starting
1504	who wrote trust and believe by keyshia cole
1521	when is the new season of chicago pd
1533	who played jennifer in back to the future
1534	where was the italian episode of everybody loves raymond filmed
1535	when was the last bear killed in the uk
1536	who wrote the song stop the world and let me off
1541	what is the purse for the senior open
1543	who played anna in once upon a time
1546	who produced the movie i can only imagine
1547	what is the meaning of auv in cars
1567	who wrote the book my country my life
1571	when does season 3 of the riveras start
1577	when did dragon ball super tournament of power start
1578	who plays bongos on sympathy for the devil
1588	when does the first nba basketball game start
1590	when did refrigerator perry play for the bears
1593	when is the new season of wentworth coming out
1595	who won latest america's next top model
1599	who played nathan scott on one tree hill
1602	who plays dr. sloan on kevin saves the world
1610	when does the next warrior book come out
1615	when does the team find out prentiss is alive
1627	what is the meaning of gorakh dhanda in urdu
1633	who is dylan's father in bates motel
1649	who sings i don't want to be lonely
1661	who was the walker rick killed in the first episode
1663	vapor pressure of water at 100c in torr
1664	when was the last time stock market crashed
1668	first day collection of mission china assamese film
1679	when does star trek discovery air on tv
1680	when did earth's atmosphere change due to living organisms
1686	when is episode 12 of miraculous ladybug season 2 coming out
1689	who sings i will go down with this ship
1692	when does the new episode of scorpion come on
1697	when was the last person executed in florida
1700	what is the setting of the story sorry wrong number
1705	what was the outcome of the battle of san juan hill
1714	dark parables return of the salt princess release date
1718	who plays lindsay denton in line of duty
1725	the road that connects the tombs is called
1728	who's the model on let's make a deal
1731	when does the second part of vikings season 4 start
1737	who plays dylan in daddy's home 2
1764	who's the guy in call me maybe
1768	how old do you have to be to get a gun licence in nz
1769	who is ishani in lies of the heart
1771	who won the king of dance season 2
1780	who plays the dad in drake and josh
1791	why wasnt agent matthews in miss congeniality 2
1796	who plays kevins shrink on kevin probably saves the world
1803	when did where are you now come out
1805	what is dj's boyfriends name on full house
1806	when did end of the road come out
1809	when was the last time new england had a hurricane
1812	who played the nurse on andy griffith show
1841	who took part in the american civil war
1847	who plays elsa's aunt in once upon a time
1851	who sings that aint no way to go
1853	when does bill nye saves the world season 2 come out
1858	fast & furious 8 release date in india
1882	the assassination of gianni versace american crime story season 2 episode 2
1890	when is i can only imagine coming out
1893	when does the new mlp movie come out
1895	who has the most goals in soccer 2018
1900	what is the top speed of thrust ssc
1909	when is the season finale of designated survivor
1920	how long is a prime minister term in uk
1936	who sang the song tell me something good
1943	when will the flash season 4 episode 17 come out
1967	when did red dead redemption 1 come out
1972	when does jim propose to pam on the office
1974	who played mary in christmas with the kranks
1975	when does dragon ball super episode 113 start
1983	who is the ceo of what's up
1991	who plays the walking boss in cool hand luke
1993	who has won the canada open women's doubles
1994	who played charles on when calls the heart
2001	who plays red on orange is new black
2019	when did the song push it come out
2033	when did gimme gimme gimme start
2036	who plays frankie’s sister teddy on grace and frankie
2043	when does zay come to girl meets world
2052	who plays steve's wife on my three sons
2060	who owns spirit of the suwannee music park
2064	what is the population of the tri-cities washington
2066	i like the way you move video cast
2068	when did season 4 of glee come out
2069	who sings i want to dance with you
2072	when does star trek discovery season 1 end
2074	why did kevin can't wait wife leave the show
2076	who plays janie in the search for santa paws
2077	who were the first non native settlers in the us
2079	who produced a change is gonna come
2080	who sang theme song for license to kill
2095	when do dwight and angela start dating again
2096	where's the tv show the crossing filmed
2100	when does the new season on the 100 come out
2101	who plays the woodsman in over the garden wall
2110	when does season 8 of vampire diaries come out
2114	who does the voice of salem the cat
2117	what is the enrollment at university of miami
2129	when did scotland beat england in six nations
2133	who is the oldest wrestler that is still wrestling
2136	gabbar is back is a remake of which telugu movie
2137	who sang it going to take a miracle
2141	where was the last scene of the danish girl filmed
2144	who sang the songs on walk the line
2153	when did john hart play the lone ranger
2155	who won big brother head of household canada
2156	who sings the theme song for degrassi the next generation
2158	who played junior on in the heat of the night
2159	the tenure of the office of the lokayukt of up
2165	who is the most followed user on instagram 2017
2176	who sang never gonna let you go
2177	when will miraculous season 2 episode 11 be released
2182	who made the song we are the world
2188	who played the wicked witch in wicked on broadway
2191	when did the second it movie come out
2195	what episode does caroline come into the originals
2197	who is the original singer of just when i needed you most
2200	who was the guy who died in glee
2205	time of the state of the nation address
2207	when is season 4 of flash coming out
2208	who plays christian in 50 shades of grey
2225	where does blonde hair green eyes come from
2228	what is the latest version of chrome for linux
2245	who plays chris grandy in 13 going on 30
2246	who has hit a double century in the ranji trophy for jharkhand in 2016
2255	what happened at the 1939 worlds fair in regards to television
2260	who sang the song one of these nights
2266	when does the good doctor episode 8 air
2269	what is an open university grade 3 pass
2270	who dies in season 2 of the originals
2288	when do new episodes of mindy project air
2291	one piece episode 534 english dubbed release date
2297	when did under the cork tree come out
2304	who wrote it's gonna take a lot of love
2307	what channel is big 10 network on fios
2309	when does the 2017 college football season end
2323	who sings the song i feel it still
2338	who plays spock in the new star trek movies
2341	when was the day that the pubs ran dry in the poem 9-3
2343	when was son of a preacher man released
2346	when does the eclipse end in the us
2352	who's playing in the sec championship 2017
2353	who sang the song if loving you is wrong i don't want to be right
2359	who was the actor who played grizzly adams
2374	who sang the song how far is heaven
2383	who played scotty baldwins father on general hospital
2400	who plays jill bigelow in line of duty
2407	who sings stop listen what's that sound
2412	where was the first season of slasher filmed
2419	which is the first private medical college in kerala
2426	where does what in the sam hill come from
2435	actress who plays brad pitts wife in war machine
2438	where was the movie i am number 4 filmed
2444	where was the rise of the planet of the apes filmed
2446	who wrote the song balls to the wall
2460	who sings love me tender in princess diaries 2
2471	who sang the theme song to step by step
2476	who plays carrie's boss on king of queens
2479	when does agents of shield season five start
2482	who was on the first season of dwts
2483	who sings i feel love with the blue man group
2485	who sings i just want to use your love tonight
2487	where are they playing the superbowl at this year
2490	who is the owner of phoenix mall in chennai
2495	how are leaders of the two parties in congress chosen
2505	who plays young voldemort in the half blood prince
2507	where does some like it hot take place
2508	when did dragon ball z air in australia
2510	how many episodes in my name is earl season 4
2511	where did maria work in west side story
2515	who played mr. kincaid on the partridge family
2520	cast of the have and have nots play
2526	when was to god be the glory written
2535	who played sarah hedley in when the boat comes in
2541	who played the music producer in pitch perfect 2
2544	when will the flash season 4 episode 14 coming out
2572	what is the transfer speed for sata 1
2584	where does the sun hit the us first
2591	who played the detective in little boy blue
2593	when is star vs the forces of evil coming back 2018
2609	who was the original host of what's my line
2614	who did university of miami play last week
2623	who played young clark kent in 1978 superman
2631	who was the baby in ghost busters 2
2635	who sang for lee bowman in my dream is yours
2638	who plays the doc in back to the future
2639	when did come fly with me come out
2646	how much does a new gulfstream g650 cost
2649	where was the film coming home for christmas filmed
2653	who is the first indian who got oscar for lifetime achievement
2655	how did leo dalton die in silent witness
2658	when does panic at the disco album come out
2659	when does the flash season 4 episode 3 air
2661	tad the lost explorer and the secret of king midas english cast
2672	when does shadowhunters season 2 episode 17 come out
2673	who played kelly taylor's mom on 90210
2688	when is the last time congress passed a complete budget
2693	who wrote when a man loves a woman
2708	who will get ticket to finale in rising star 2
2727	which was the first village of karnataka which declared independence
2729	who was last person to be executed in us
2731	how many scholarships do division 2 football teams get
2733	who sings in cry baby for johnny depp
2739	when did i'm like a bird come out
2748	when was 1 john 5 7 added to the bible
2757	who played mr. willoughby in sense and sensibility
2759	when does nathan get in a car accident
2761	who got the first arjun award in athletics
2763	when does season 5 of ruby come out
2793	how many points did lebron james scored in his career
2799	the witch and the hundred knight 2 us release
2803	when will the next episode of my next guest needs no introduction
2806	who has played in the most premier league derbies
2809	what is an example of a government monopoly in the united states
2811	who played ethel on the doris day show
2812	who wrote somewhere there's a place for us
2817	who introduced the first chrismas tree to the uk
2823	mount and blade with fire and sword time period
2824	nearest metro station to gandhi nagar in delhi
2829	who wrote ain't living long like this
2833	what are the zords in the power rangers movie
2835	where does the last name waller come from
2847	civil war what did the north fight for
2848	when does the next episode of rebels come out
2855	the boiling point of water is 100 degrees celsius express this in si units
2863	method used by a writer to develop a character
2864	when did linkin park release one more light
2875	when does the movie the star come out
2877	first who wants to be a millionaire winner uk
2879	when does wentworth season 6 start in australia
2881	who played sam in clarissa explains it all
2889	total goals scored by ronaldo in la liga
2890	who's opening for foo fighters at fenway
2900	when does wonder woman come out on blue ray
2903	when is winter big brother going to start
2906	who played the face in the a team
2913	who is eliminated in big boss kannada 5
2932	when is the new tappan zee bridge going to be finished
2943	where does sleeping freshmen never lie take place
2946	when does season 13 of america's got talent premiere
2960	who sang i'm gonna run away from you
2963	criminal minds episode where jj becomes a profiler
2970	who plays the prosecutor on law and order svu
2974	where is bigg boss tamil house is located
2981	where is dancing on ice filmed this year
2987	what nfl team is robert griffin the third playing for
3002	who is playing halftime at the pro bowl
3010	who came in last place on amazing race
3014	who was the dj on in living color
3016	the grand tour season 2 episode 2 celebrity guests
3017	when does the new season of law and order svu come on
3022	what was the last episode of the flash
3025	what is the latest version of microsoft office 2010
3036	how many episodes are there in season six of nashville
3046	who gave the famous objective co relative theory
3055	who wrote shes always a woman to me
3061	who is singing in something just like this
3064	what was the population of the roman empire at its height
3065	where does the phrase train of thought come from
3069	who played michael jackson in jackson 5 movie
3071	who hosted they think it's all over
3082	who plays faith on when calls the heart
3083	where was the movie the glass castle filmed
3092	who wrote put your hand in the hand of the man who stilled the water
3098	when do you get your dress blues in the army
3099	who used to present i'm a celebrity now
3102	who played mark on the show the rifleman
3103	where does the last name orozco originate from
3107	when did i ain't mad at cha come out
3111	who wrote the song i hate you i love you
3112	who sings the theme tune to mum on bbc2
3117	who wrote if she knew what she wants
3147	when does the next apollo book come out
3148	when was the last time lebron scored 50 points
3164	when do luke and lorelai get back together
3166	who drives the number 95 car in nascar
3167	who sings the wire season 5 theme song
3169	who has won india's next super star
3173	who plays harry's mom in harry potter
3178	what episode does caroline get turned into a vampire
3190	where was one direction what makes you beautiful filmed
3207	the very last episode of that's so raven
3209	how many stores does lowes have in canada
3211	when did the new day win the tag team titles
3212	who is young george bailey in it's a wonderful life
3214	when will the flash season 4 be released
3219	who played mrs. trumbull on i love lucy
3245	who sings war don't let me down
3247	where does the saying get out of dodge come from
3248	when will notre dame played michigan state again
3249	who sang first line of we are the world
3251	who wrote i'm in the mood for dancing
3252	who plays the robot maid in richie rich
3295	super robot monkey team hyperforce go fighting games
3296	where did they film the show the crossing
3297	who wrote lord have mercy on the working man
3303	what episode of pll does jenna get her sight back
3318	when was the last episode of the flash aired
3322	puella magi madoka magica when does madoka become a magical girl
3325	ahana from dil sambhal ja zara real name
3330	who sings the theme song to all that
3331	the most recent technological change to the u.s. economy was
3340	when is season 7 race to the edge coming out
3383	where does patience is a virtue come from
3384	where was thomas and the magic railroad filmed
3387	when are general elections held in the us
3396	who is the minister of youth in namibia
3408	how many students does monarch high school have
3416	when will miraculous ladybug season 2 episode 12 come out
3419	what time do tam tams start in montreal
3422	who wrote the song if i were a boy
3427	when did the not in this lifetime tour start
3449	who is known as the super fast boy in the series the icredible
3460	one piece english dubbed episode 564 release date
3462	when does elijah first appear in vampire diaries
3467	when does the nba season end this year
3468	malcom in the middle season 1 episode 3
3479	when do new episodes of ncis los angeles return
3483	when does season 2 of just add magic come out
3496	who played susanna in legends of the fall
3505	where was gunsmoke to the last man filmed
3519	how long did the democrats control the house and senate
3523	who plays the bad guy in the good place
3534	where did hope on bold and beautiful go
3537	where is thank you for your service based
3542	how does the cash cab guy read the questions
3543	who did the music for your lie in april
3546	what was the date of the signing of the declaration of independence
3548	when do liam and annie get together season 3
3550	where do they film young and the restless
3552	what episode does marnie come back in geordie shore
3561	what is a home run with a girl
3570	who is rose in the fall season 2
3574	who sings blame it on the bossa nova
3575	who do the characters represent in 8 mile
3579	who does the vocals for feel it still
3583	when is the new dumping ground coming out 2017
3585	forney's sister in where the heart is
